Min_hr,Max_hr,Mean_hr,Men_acc_sqrt,Min_acc_x,Max_acc_x,Mean_acc_x,Min_acc_y,Max_acc_y,Mean_acc_y,Min_acc_z,Max_acc_z,Mean_acc_z,Etiquetas binarias,Etiquetas multiclase,ID
49.0,55.0,51.17,1.0,-0.35,-0.35,-0.35,-0.14,-0.11,-0.13,-0.94,-0.92,-0.93,0.0,0.0,27.0
54.0,60.0,56.2,1.0,-0.35,-0.34,-0.35,-0.14,-0.11,-0.13,-0.95,-0.92,-0.93,0.0,0.0,27.0
50.0,57.0,53.8,1.0,-0.35,-0.35,-0.35,-0.14,-0.12,-0.13,-0.94,-0.92,-0.93,0.0,0.0,27.0
52.0,59.0,55.2,1.0,-0.35,-0.35,-0.35,-0.14,-0.12,-0.13,-0.94,-0.92,-0.93,0.0,0.0,27.0
55.0,57.0,55.67,1.0,-0.35,-0.35,-0.35,-0.13,-0.11,-0.12,-0.94,-0.92,-0.93,0.0,0.0,27.0
54.0,61.0,57.5,1.0,-0.2,-0.18,-0.18,-0.64,-0.57,-0.61,-0.79,-0.75,-0.77,0.0,0.0,27.0
56.0,60.0,58.67,1.0,-0.66,-0.27,-0.47,-0.41,0.36,0.11,-1.2,-0.72,-0.87,0.0,0.0,27.0
49.0,59.0,56.6,1.0,0.49,0.5,0.5,-0.63,-0.62,-0.62,-0.6,-0.59,-0.6,0.0,0.0,27.0
56.0,63.0,58.83,1.0,-0.35,-0.34,-0.35,-0.14,-0.12,-0.13,-0.94,-0.92,-0.93,0.0,0.0,27.0
51.0,55.0,53.17,1.0,-0.35,-0.34,-0.35,-0.14,-0.12,-0.13,-0.94,-0.92,-0.93,0.0,0.0,27.0
54.0,58.0,55.6,1.0,-0.83,-0.18,-0.47,-1.05,0.18,-0.28,-0.89,0.25,-0.76,0.0,0.0,27.0
51.0,59.0,54.5,1.0,-0.35,-0.34,-0.35,-0.13,-0.11,-0.12,-0.94,-0.92,-0.93,0.0,0.0,27.0
55.0,58.0,56.67,0.99,-0.31,-0.29,-0.3,-0.87,-0.86,-0.87,0.36,0.39,0.37,0.0,0.0,27.0
59.0,67.0,62.17,1.0,-1.07,-0.09,-0.39,-1.06,0.54,-0.4,-0.88,0.95,-0.0,1.0,1.0,27.0
59.0,64.0,62.17,1.0,-0.45,-0.41,-0.43,0.07,0.31,0.17,-0.97,-0.84,-0.89,1.0,1.0,27.0
58.0,58.0,58.0,0.99,-0.11,-0.11,-0.11,-0.93,-0.92,-0.92,0.34,0.35,0.35,1.0,1.0,27.0
55.0,58.0,56.33,0.99,-0.3,-0.29,-0.3,-0.88,-0.86,-0.87,0.37,0.39,0.39,1.0,1.0,27.0
63.0,65.0,63.4,1.0,-0.35,-0.34,-0.34,-0.13,-0.11,-0.12,-0.94,-0.93,-0.93,1.0,1.0,27.0
56.0,62.0,58.0,1.0,0.03,0.8,0.57,-0.51,0.08,-0.12,-1.05,-0.69,-0.8,1.0,2.0,27.0
52.0,58.0,55.4,0.99,-0.14,-0.13,-0.13,-0.93,-0.92,-0.92,0.34,0.36,0.35,1.0,2.0,27.0
56.0,59.0,57.33,1.0,-0.47,-0.42,-0.43,0.15,0.26,0.18,-0.92,-0.86,-0.89,1.0,2.0,27.0
54.0,58.0,56.0,1.0,-0.46,-0.45,-0.45,0.07,0.09,0.08,-0.9,-0.88,-0.89,1.0,2.0,27.0
59.0,60.0,59.33,1.0,0.5,0.51,0.5,-0.62,-0.62,-0.62,-0.6,-0.59,-0.6,1.0,2.0,27.0
59.0,64.0,59.83,1.0,-0.39,-0.38,-0.39,-0.16,-0.14,-0.15,-0.92,-0.9,-0.91,1.0,2.0,27.0
57.0,65.0,60.67,1.0,0.58,0.59,0.59,-0.72,-0.72,-0.72,-0.37,-0.35,-0.36,1.0,2.0,27.0
55.0,58.0,56.5,1.0,0.47,0.53,0.51,-0.67,-0.61,-0.62,-0.6,-0.55,-0.59,1.0,2.0,27.0
55.0,56.0,55.17,0.99,-0.29,-0.29,-0.29,-0.88,-0.88,-0.88,0.36,0.37,0.37,1.0,2.0,27.0
58.0,58.0,58.0,0.99,-0.11,-0.11,-0.11,-0.93,-0.92,-0.92,0.34,0.35,0.35,1.0,2.0,27.0
53.0,57.0,56.17,0.99,-0.32,-0.31,-0.31,-0.85,-0.84,-0.85,0.42,0.42,0.42,1.0,3.0,27.0
57.0,59.0,57.83,1.0,-0.46,-0.45,-0.45,0.07,0.09,0.08,-0.9,-0.88,-0.89,1.0,3.0,27.0
54.0,56.0,55.0,0.99,-0.29,-0.29,-0.29,-0.88,-0.88,-0.88,0.36,0.37,0.37,1.0,3.0,27.0
51.0,54.0,52.43,0.99,-0.29,-0.28,-0.29,-0.88,-0.87,-0.88,0.36,0.37,0.37,1.0,3.0,27.0
52.0,53.0,52.17,0.99,-0.31,-0.3,-0.31,-0.85,-0.85,-0.85,0.41,0.42,0.42,0.0,5.0,27.0
50.0,55.0,51.17,1.0,-0.46,-0.45,-0.45,0.07,0.1,0.08,-0.9,-0.88,-0.89,0.0,5.0,27.0
56.0,59.0,58.17,1.0,0.52,0.54,0.53,0.26,0.29,0.28,-0.82,-0.79,-0.81,0.0,5.0,27.0
55.0,81.0,68.5,1.0,0.58,0.6,0.59,-0.51,-0.5,-0.51,-0.63,-0.6,-0.62,0.0,5.0,27.0
56.0,57.0,56.67,1.0,0.59,0.6,0.59,-0.52,-0.49,-0.51,-0.63,-0.61,-0.62,0.0,5.0,27.0
58.0,59.0,58.86,1.0,0.52,0.56,0.53,0.26,0.34,0.28,-0.81,-0.75,-0.8,0.0,5.0,27.0
57.0,61.0,58.33,0.98,-0.41,0.14,-0.16,0.75,1.09,0.92,-0.41,-0.0,-0.2,0.0,5.0,27.0
56.0,58.0,56.67,1.0,0.5,0.5,0.5,-0.63,-0.62,-0.62,-0.6,-0.59,-0.6,0.0,5.0,27.0
59.0,59.0,59.0,1.0,0.59,0.6,0.59,-0.51,-0.49,-0.5,-0.63,-0.62,-0.63,0.0,5.0,27.0
64.0,67.0,64.83,1.0,-0.56,-0.55,-0.55,0.31,0.32,0.32,-0.78,-0.77,-0.78,0.0,0.0,1.0
68.0,72.0,69.17,1.01,-0.81,0.17,-0.46,-0.86,0.71,0.14,-1.35,-0.38,-0.82,0.0,0.0,1.0
60.0,60.0,60.0,0.99,-0.29,-0.29,-0.29,-0.5,-0.49,-0.5,0.81,0.81,0.81,0.0,0.0,1.0
60.0,65.0,62.67,1.0,-0.55,-0.54,-0.55,0.37,0.38,0.37,-0.76,-0.75,-0.75,0.0,0.0,1.0
60.0,60.0,60.0,0.99,-0.11,-0.11,-0.11,-0.73,-0.73,-0.73,0.66,0.66,0.66,0.0,0.0,1.0
67.0,74.0,68.67,1.0,-0.76,-0.47,-0.6,-0.66,0.35,-0.22,-0.86,-0.52,-0.73,0.0,0.0,1.0
61.0,64.0,62.8,0.99,-0.07,-0.07,-0.07,-0.84,-0.83,-0.83,0.53,0.54,0.54,0.0,0.0,1.0
59.0,61.0,60.0,0.99,-0.12,-0.11,-0.11,-0.73,-0.73,-0.73,0.66,0.67,0.66,0.0,0.0,1.0
68.0,69.0,68.2,1.0,-0.56,-0.55,-0.55,0.27,0.29,0.28,-0.8,-0.78,-0.79,0.0,0.0,1.0
61.0,63.0,62.0,1.0,-0.55,-0.54,-0.55,0.37,0.38,0.37,-0.76,-0.75,-0.75,0.0,0.0,1.0
60.0,64.0,62.33,0.99,-0.08,-0.07,-0.07,-0.84,-0.83,-0.83,0.53,0.54,0.54,0.0,0.0,1.0
61.0,63.0,62.5,0.99,-0.07,-0.07,-0.07,-0.84,-0.83,-0.83,0.53,0.54,0.53,0.0,0.0,1.0
61.0,64.0,62.33,0.99,-0.08,-0.06,-0.08,-0.83,-0.81,-0.82,0.54,0.57,0.55,0.0,0.0,1.0
66.0,67.0,66.83,1.0,-0.56,-0.55,-0.55,0.31,0.32,0.31,-0.78,-0.77,-0.78,0.0,0.0,1.0
66.0,67.0,66.5,1.0,-0.56,-0.55,-0.55,0.31,0.32,0.31,-0.78,-0.77,-0.77,0.0,0.0,1.0
67.0,68.0,67.17,1.0,-0.55,-0.54,-0.55,0.37,0.39,0.38,-0.76,-0.74,-0.75,1.0,1.0,1.0
62.0,64.0,63.0,1.0,-0.5,-0.49,-0.49,0.05,0.07,0.06,-0.88,-0.86,-0.87,1.0,1.0,1.0
63.0,65.0,63.6,1.0,-0.55,-0.54,-0.55,0.37,0.38,0.38,-0.76,-0.75,-0.75,1.0,1.0,1.0
67.0,68.0,67.67,1.0,-0.39,-0.38,-0.38,0.09,0.11,0.1,-0.93,-0.92,-0.92,1.0,2.0,1.0
61.0,61.0,61.0,1.0,-0.46,-0.45,-0.46,0.4,0.42,0.41,-0.8,-0.79,-0.79,1.0,2.0,1.0
60.0,60.0,60.0,1.0,-0.47,-0.46,-0.47,0.04,0.05,0.05,-0.89,-0.88,-0.89,1.0,2.0,1.0
60.0,61.0,60.33,1.0,-0.46,-0.45,-0.45,0.39,0.41,0.4,-0.81,-0.8,-0.8,1.0,2.0,1.0
60.0,63.0,61.67,1.0,-0.41,-0.4,-0.4,-0.39,-0.36,-0.37,-0.84,-0.83,-0.83,1.0,2.0,1.0
59.0,60.0,59.67,0.99,-0.16,-0.15,-0.15,-0.6,-0.59,-0.59,0.78,0.79,0.78,1.0,2.0,1.0
68.0,69.0,68.33,1.0,-0.57,-0.54,-0.55,0.23,0.3,0.27,-0.81,-0.78,-0.79,1.0,2.0,1.0
57.0,60.0,58.71,1.0,-0.44,-0.43,-0.44,-0.3,-0.28,-0.29,-0.86,-0.84,-0.85,1.0,2.0,1.0
58.0,63.0,60.5,1.0,-0.46,-0.44,-0.45,-0.37,-0.35,-0.36,-0.83,-0.81,-0.82,1.0,2.0,1.0
61.0,63.0,62.2,0.99,-0.1,-0.09,-0.1,-0.88,-0.88,-0.88,0.45,0.46,0.46,1.0,2.0,1.0
61.0,62.0,61.33,1.0,-0.46,-0.45,-0.46,0.4,0.42,0.41,-0.8,-0.79,-0.8,1.0,2.0,1.0
66.0,68.0,67.29,1.0,-0.59,-0.58,-0.59,0.36,0.37,0.37,-0.73,-0.72,-0.73,1.0,3.0,1.0
61.0,62.0,61.17,1.0,-0.41,-0.4,-0.4,-0.39,-0.36,-0.38,-0.84,-0.83,-0.83,1.0,3.0,1.0
68.0,72.0,69.0,1.0,-0.55,-0.55,-0.55,-0.02,-0.0,-0.01,-0.84,-0.83,-0.84,1.0,3.0,1.0
68.0,68.0,68.0,1.0,-0.58,-0.57,-0.58,0.06,0.07,0.06,-0.82,-0.81,-0.82,1.0,3.0,1.0
67.0,67.0,67.0,1.0,-0.56,-0.55,-0.55,-0.01,0.0,-0.0,-0.84,-0.83,-0.84,1.0,3.0,1.0
64.0,71.0,67.5,0.99,-0.42,-0.42,-0.42,-0.9,-0.89,-0.9,0.1,0.11,0.1,1.0,3.0,1.0
65.0,71.0,68.67,1.0,-0.57,-0.56,-0.57,-0.05,-0.03,-0.04,-0.84,-0.82,-0.83,1.0,3.0,1.0
66.0,71.0,68.0,1.0,-0.58,-0.57,-0.58,0.05,0.07,0.06,-0.82,-0.81,-0.82,1.0,3.0,1.0
63.0,63.0,63.0,1.0,-0.38,-0.37,-0.38,-0.15,-0.13,-0.14,-0.92,-0.91,-0.92,0.0,5.0,1.0
61.0,63.0,62.0,1.0,-0.39,-0.37,-0.38,-0.17,-0.15,-0.16,-0.92,-0.91,-0.91,0.0,5.0,1.0
59.0,64.0,60.6,0.99,-0.02,-0.02,-0.02,-0.89,-0.89,-0.89,0.43,0.44,0.44,0.0,5.0,1.0
58.0,60.0,59.17,1.0,-0.41,-0.39,-0.4,-0.47,-0.45,-0.46,-0.8,-0.79,-0.79,0.0,5.0,1.0
59.0,83.0,76.83,1.0,-0.54,-0.53,-0.53,0.07,0.08,0.07,-0.85,-0.84,-0.85,0.0,5.0,1.0
66.0,68.0,66.67,1.0,-0.59,-0.58,-0.58,0.24,0.26,0.25,-0.78,-0.77,-0.78,0.0,5.0,1.0
62.0,66.0,65.33,0.99,-0.03,-0.02,-0.02,-0.86,-0.86,-0.86,0.49,0.5,0.49,0.0,5.0,1.0
62.0,86.0,68.0,1.0,-0.44,-0.43,-0.43,-0.77,-0.76,-0.76,-0.48,-0.47,-0.47,0.0,5.0,1.0
68.0,69.0,68.17,1.0,-0.36,-0.34,-0.35,-0.22,-0.18,-0.21,-0.93,-0.91,-0.92,0.0,0.0,2.0
71.0,73.0,72.0,1.0,-0.49,-0.48,-0.49,-0.17,-0.15,-0.16,-0.87,-0.85,-0.86,0.0,0.0,2.0
72.0,75.0,73.0,1.0,-0.54,-0.53,-0.53,0.02,0.03,0.02,-0.85,-0.85,-0.85,0.0,0.0,2.0
72.0,73.0,72.17,1.0,-0.47,-0.46,-0.46,0.06,0.07,0.06,-0.89,-0.88,-0.89,0.0,0.0,2.0
69.0,69.0,69.0,1.0,-0.46,-0.45,-0.45,-0.14,-0.12,-0.13,-0.89,-0.88,-0.89,0.0,0.0,2.0
69.0,74.0,70.8,1.0,-0.59,-0.47,-0.49,-0.53,0.46,-0.1,-0.94,-0.76,-0.86,0.0,0.0,2.0
68.0,74.0,70.8,1.0,-0.39,-0.37,-0.38,-0.11,-0.08,-0.1,-0.93,-0.9,-0.92,0.0,0.0,2.0
69.0,72.0,69.67,1.0,-0.47,-0.46,-0.47,0.06,0.07,0.07,-0.89,-0.88,-0.88,0.0,0.0,2.0
69.0,74.0,71.83,1.0,-0.55,-0.43,-0.5,-0.27,0.92,0.05,-0.9,-0.52,-0.84,0.0,0.0,2.0
63.0,67.0,66.33,1.0,-0.23,-0.23,-0.23,0.14,0.15,0.14,-0.97,-0.96,-0.96,0.0,0.0,2.0
71.0,72.0,71.67,1.0,-0.39,-0.38,-0.39,-0.08,-0.06,-0.07,-0.93,-0.91,-0.92,0.0,0.0,2.0
69.0,74.0,71.83,1.0,-0.46,-0.45,-0.45,-0.09,0.01,-0.07,-0.9,-0.88,-0.89,0.0,0.0,2.0
71.0,72.0,71.67,1.0,-0.29,-0.28,-0.29,0.93,0.94,0.94,-0.19,-0.18,-0.18,1.0,1.0,2.0
71.0,76.0,74.0,1.0,-0.46,-0.45,-0.45,0.18,0.19,0.18,-0.88,-0.87,-0.87,1.0,1.0,2.0
69.0,72.0,71.43,1.0,-0.47,-0.46,-0.47,0.06,0.07,0.07,-0.89,-0.88,-0.88,1.0,1.0,2.0
69.0,70.0,69.83,1.0,-0.45,-0.44,-0.45,0.18,0.19,0.18,-0.88,-0.87,-0.88,1.0,1.0,2.0
67.0,69.0,68.0,1.0,-0.32,-0.31,-0.31,0.89,0.9,0.89,0.31,0.32,0.31,1.0,2.0,2.0
73.0,77.0,74.67,1.0,-0.48,-0.47,-0.48,-0.2,-0.19,-0.2,-0.87,-0.85,-0.86,1.0,2.0,2.0
69.0,70.0,69.4,1.0,-0.3,-0.29,-0.29,0.92,0.93,0.92,-0.24,-0.22,-0.24,1.0,2.0,2.0
72.0,74.0,72.5,1.0,-0.29,-0.28,-0.28,0.03,0.04,0.03,-0.96,-0.96,-0.96,1.0,2.0,2.0
72.0,75.0,73.4,1.0,-0.1,-0.09,-0.1,0.3,0.31,0.31,-0.95,-0.94,-0.95,1.0,2.0,2.0
75.0,77.0,75.5,1.0,-0.49,-0.48,-0.48,-0.21,-0.2,-0.2,-0.86,-0.85,-0.86,1.0,2.0,2.0
71.0,74.0,72.67,1.0,-0.29,-0.28,-0.28,0.9,0.91,0.91,-0.31,-0.3,-0.31,1.0,2.0,2.0
78.0,85.0,80.0,1.0,-0.48,-0.47,-0.47,-0.2,-0.18,-0.19,-0.87,-0.86,-0.86,1.0,2.0,2.0
68.0,68.0,68.0,1.0,-0.3,-0.28,-0.29,0.87,0.93,0.92,-0.28,-0.23,-0.24,1.0,2.0,2.0
68.0,72.0,70.0,1.0,-0.3,-0.28,-0.29,0.89,0.91,0.9,-0.33,-0.32,-0.32,1.0,3.0,2.0
69.0,71.0,70.17,1.0,-0.28,-0.28,-0.28,0.9,0.91,0.9,-0.32,-0.31,-0.32,1.0,3.0,2.0
74.0,75.0,74.67,1.0,-0.47,-0.46,-0.47,-0.02,-0.0,-0.01,-0.9,-0.88,-0.89,0.0,5.0,2.0
72.0,73.0,72.67,1.0,-0.48,-0.47,-0.47,-0.03,-0.02,-0.03,-0.89,-0.88,-0.88,0.0,5.0,2.0
68.0,68.0,68.0,1.0,-0.39,-0.39,-0.39,-0.02,0.0,-0.01,-0.93,-0.92,-0.92,0.0,5.0,2.0
72.0,73.0,72.29,1.0,-0.29,-0.28,-0.28,0.9,0.98,0.91,-0.3,-0.23,-0.3,0.0,5.0,2.0
73.0,75.0,74.0,1.0,-0.48,-0.47,-0.47,-0.04,-0.03,-0.04,-0.89,-0.88,-0.88,0.0,5.0,2.0
67.0,74.0,69.33,1.0,-0.45,-0.44,-0.44,-0.0,0.03,0.01,-0.9,-0.89,-0.9,0.0,5.0,2.0
71.0,72.0,71.5,1.0,-0.43,-0.43,-0.43,-0.04,-0.03,-0.03,-0.91,-0.9,-0.9,0.0,5.0,2.0
68.0,88.0,72.6,1.0,-0.46,-0.45,-0.46,0.15,0.18,0.18,-0.88,-0.85,-0.87,0.0,5.0,2.0
72.0,76.0,74.6,1.0,-0.47,-0.46,-0.47,-0.05,-0.04,-0.04,-0.89,-0.87,-0.88,0.0,5.0,2.0
68.0,70.0,69.33,1.0,-0.44,-0.42,-0.43,-0.03,-0.0,-0.01,-0.91,-0.9,-0.91,0.0,5.0,2.0
72.0,72.0,72.0,1.0,-0.38,-0.36,-0.37,0.24,0.26,0.25,-0.9,-0.89,-0.89,0.0,5.0,2.0
67.0,68.0,67.83,1.0,-0.37,-0.36,-0.37,0.41,0.42,0.42,-0.84,-0.83,-0.83,0.0,5.0,2.0
68.0,72.0,70.67,1.0,-0.43,-0.42,-0.42,0.16,0.18,0.17,-0.9,-0.88,-0.89,0.0,5.0,2.0
68.0,72.0,69.83,1.0,-0.45,-0.41,-0.42,0.02,0.25,0.17,-0.92,-0.87,-0.89,0.0,5.0,2.0
76.0,83.0,78.83,1.0,-0.44,-0.43,-0.44,-0.04,-0.02,-0.03,-0.91,-0.89,-0.9,0.0,5.0,2.0
73.0,74.0,73.67,1.0,-0.47,-0.45,-0.47,-0.02,0.03,-0.01,-0.89,-0.84,-0.89,0.0,5.0,2.0
77.0,92.0,82.0,0.99,-0.45,-0.43,-0.43,-0.04,-0.02,-0.03,-0.9,-0.89,-0.89,0.0,0.0,5.0
69.0,74.0,70.8,0.98,-0.75,-0.23,-0.42,-0.88,0.78,-0.51,-0.94,0.85,0.17,0.0,0.0,5.0
68.0,77.0,72.33,0.99,-0.29,-0.29,-0.29,0.65,0.66,0.65,-0.7,-0.69,-0.69,1.0,1.0,5.0
75.0,77.0,75.67,0.99,-0.39,-0.38,-0.38,-0.16,-0.15,-0.15,-0.91,-0.89,-0.9,1.0,1.0,5.0
77.0,84.0,81.17,1.0,0.25,0.28,0.26,-0.93,-0.91,-0.93,0.25,0.31,0.26,1.0,1.0,5.0
74.0,85.0,78.83,0.99,-0.2,-0.2,-0.2,-0.95,-0.94,-0.94,0.23,0.24,0.24,1.0,1.0,5.0
72.0,76.0,74.83,0.99,-0.32,-0.31,-0.31,0.27,0.28,0.28,-0.9,-0.89,-0.9,1.0,1.0,5.0
80.0,88.0,84.2,0.99,-0.21,-0.2,-0.21,-0.95,-0.94,-0.94,0.23,0.24,0.24,1.0,1.0,5.0
75.0,80.0,77.5,0.99,-0.39,-0.38,-0.39,-0.16,-0.14,-0.15,-0.9,-0.89,-0.9,1.0,1.0,5.0
74.0,78.0,75.83,0.99,-0.2,-0.2,-0.2,-0.95,-0.94,-0.94,0.23,0.24,0.24,1.0,1.0,5.0
75.0,79.0,76.83,1.0,0.08,0.08,0.08,-0.99,-0.99,-0.99,0.03,0.03,0.03,1.0,1.0,5.0
71.0,75.0,73.0,0.99,-0.45,-0.44,-0.45,0.29,0.32,0.31,-0.84,-0.83,-0.83,1.0,2.0,5.0
77.0,77.0,77.0,1.0,0.46,0.46,0.46,-0.29,-0.28,-0.29,-0.84,-0.83,-0.84,1.0,2.0,5.0
77.0,77.0,77.0,1.0,0.25,0.25,0.25,-0.93,-0.93,-0.93,0.26,0.26,0.26,1.0,2.0,5.0
77.0,79.0,77.83,1.0,0.42,0.43,0.42,-0.17,-0.15,-0.16,-0.89,-0.88,-0.89,1.0,2.0,5.0
78.0,85.0,79.5,0.99,-0.18,-0.18,-0.18,-0.98,-0.97,-0.98,-0.05,-0.04,-0.05,1.0,2.0,5.0
71.0,74.0,72.5,0.99,-0.32,-0.31,-0.31,0.27,0.29,0.27,-0.9,-0.9,-0.9,1.0,2.0,5.0
75.0,77.0,75.67,1.0,-0.74,-0.74,-0.74,-0.47,-0.47,-0.47,0.47,0.48,0.48,1.0,2.0,5.0
75.0,77.0,76.0,0.99,-0.18,-0.18,-0.18,-0.98,-0.97,-0.98,-0.05,-0.05,-0.05,1.0,2.0,5.0
72.0,77.0,73.5,1.0,0.24,0.24,0.24,0.97,0.98,0.97,-0.03,-0.02,-0.02,1.0,2.0,5.0
73.0,74.0,73.2,0.99,-0.39,-0.38,-0.38,-0.16,-0.12,-0.15,-0.91,-0.89,-0.9,1.0,2.0,5.0
80.0,82.0,81.0,1.0,0.2,0.2,0.2,0.98,0.98,0.98,-0.06,-0.05,-0.05,1.0,3.0,5.0
74.0,76.0,74.67,1.01,0.11,0.44,0.29,-0.94,0.37,0.14,-1.0,0.92,0.48,1.0,3.0,5.0
73.0,76.0,74.67,1.01,0.27,0.28,0.27,0.3,0.3,0.3,0.92,0.92,0.92,1.0,3.0,5.0
76.0,77.0,76.8,1.0,0.26,0.26,0.26,0.97,0.97,0.97,-0.05,-0.05,-0.05,1.0,3.0,5.0
76.0,79.0,76.83,1.01,0.26,0.27,0.27,0.97,0.97,0.97,-0.07,-0.06,-0.06,1.0,3.0,5.0
77.0,78.0,77.33,1.0,0.46,0.46,0.46,-0.29,-0.28,-0.29,-0.84,-0.83,-0.83,1.0,3.0,5.0
74.0,80.0,76.5,1.0,0.46,0.46,0.46,-0.29,-0.28,-0.29,-0.84,-0.83,-0.84,1.0,3.0,5.0
77.0,80.0,78.33,1.01,0.27,0.27,0.27,0.97,0.97,0.97,-0.07,-0.06,-0.06,1.0,3.0,5.0
73.0,74.0,73.67,0.99,-0.39,-0.38,-0.39,-0.16,-0.15,-0.15,-0.9,-0.89,-0.9,0.0,5.0,5.0
72.0,73.0,72.2,0.99,-0.2,-0.19,-0.2,-0.97,-0.97,-0.97,-0.07,-0.07,-0.07,0.0,5.0,5.0
74.0,77.0,75.83,1.0,0.1,0.1,0.1,0.27,0.28,0.28,-0.95,-0.95,-0.95,0.0,5.0,5.0
75.0,77.0,76.33,0.99,-0.2,-0.2,-0.2,-0.97,-0.97,-0.97,-0.08,-0.07,-0.07,0.0,5.0,5.0
65.0,72.0,69.17,0.99,-0.2,-0.19,-0.2,-0.97,-0.97,-0.97,-0.07,-0.07,-0.07,0.0,5.0,5.0
82.0,86.0,84.5,1.0,0.34,0.35,0.34,-0.24,-0.23,-0.24,-0.91,-0.9,-0.9,0.0,5.0,5.0
72.0,74.0,73.0,1.0,0.1,0.1,0.1,0.27,0.28,0.28,-0.95,-0.95,-0.95,0.0,5.0,5.0
82.0,84.0,82.67,1.0,0.34,0.35,0.34,-0.25,-0.25,-0.25,-0.91,-0.9,-0.9,0.0,5.0,5.0
76.0,77.0,76.17,0.99,-0.2,-0.2,-0.2,-0.97,-0.97,-0.97,-0.08,-0.07,-0.07,0.0,5.0,5.0
75.0,75.0,75.0,1.01,0.25,0.25,0.25,0.34,0.35,0.34,0.91,0.91,0.91,0.0,5.0,5.0
74.0,79.0,75.5,0.99,-0.29,-0.29,-0.29,-0.84,-0.83,-0.83,0.45,0.46,0.46,0.0,5.0,5.0
61.0,64.0,62.0,1.0,-0.24,-0.23,-0.24,-0.57,-0.55,-0.55,-0.8,-0.79,-0.8,0.0,0.0,15.0
73.0,75.0,73.8,1.0,-0.84,-0.13,-0.31,0.27,0.9,0.57,-0.87,-0.13,-0.73,0.0,0.0,15.0
55.0,63.0,58.17,1.0,-0.6,-0.58,-0.59,0.17,0.18,0.17,-0.8,-0.78,-0.79,0.0,0.0,15.0
68.0,73.0,71.0,1.0,-0.7,-0.27,-0.45,0.3,0.66,0.46,-0.86,-0.51,-0.75,0.0,0.0,15.0
61.0,67.0,62.67,1.0,-0.25,-0.24,-0.25,-0.56,-0.54,-0.55,-0.8,-0.79,-0.8,0.0,0.0,15.0
61.0,67.0,63.83,1.0,-0.26,-0.24,-0.25,-0.56,-0.54,-0.55,-0.8,-0.79,-0.8,0.0,0.0,15.0
72.0,74.0,72.5,1.0,-0.17,-0.16,-0.16,0.98,0.99,0.99,-0.04,-0.03,-0.03,1.0,1.0,15.0
64.0,65.0,64.6,1.0,-0.14,-0.13,-0.13,-0.42,-0.4,-0.41,-0.91,-0.9,-0.9,1.0,1.0,15.0
53.0,68.0,58.4,1.0,0.07,0.09,0.08,-0.46,-0.43,-0.44,-0.9,-0.88,-0.89,1.0,1.0,15.0
63.0,65.0,64.33,1.0,0.05,0.05,0.05,-0.79,-0.78,-0.79,0.61,0.62,0.61,1.0,1.0,15.0
64.0,66.0,65.2,1.0,0.05,0.05,0.05,-0.78,-0.77,-0.77,0.62,0.63,0.63,1.0,1.0,15.0
59.0,61.0,59.83,1.0,-0.28,-0.22,-0.24,-0.6,-0.54,-0.59,-0.81,-0.75,-0.77,1.0,2.0,15.0
55.0,56.0,55.33,1.0,-0.07,-0.06,-0.06,-0.21,-0.2,-0.2,-0.98,-0.97,-0.98,1.0,2.0,15.0
70.0,73.0,71.29,1.0,-0.07,-0.06,-0.06,-0.65,-0.64,-0.65,-0.76,-0.76,-0.76,1.0,2.0,15.0
51.0,57.0,54.57,1.0,-0.18,-0.17,-0.18,0.34,0.36,0.35,-0.93,-0.92,-0.92,1.0,2.0,15.0
63.0,64.0,63.6,1.0,-0.0,0.01,0.0,-0.31,-0.3,-0.31,-0.96,-0.95,-0.95,1.0,2.0,15.0
68.0,69.0,68.6,1.0,-0.07,-0.06,-0.06,-0.66,-0.64,-0.65,-0.76,-0.75,-0.76,1.0,2.0,15.0
66.0,68.0,67.5,1.0,-0.17,-0.16,-0.16,-0.97,-0.97,-0.97,0.17,0.18,0.17,1.0,2.0,15.0
62.0,67.0,64.67,1.0,-0.25,-0.24,-0.25,-0.59,-0.58,-0.59,-0.77,-0.77,-0.77,1.0,2.0,15.0
69.0,75.0,70.57,1.0,-0.07,-0.05,-0.06,-0.66,-0.64,-0.65,-0.76,-0.75,-0.75,1.0,2.0,15.0
67.0,69.0,68.0,1.0,-0.04,-0.03,-0.04,0.06,0.09,0.07,-1.01,-0.99,-1.0,1.0,2.0,15.0
62.0,65.0,63.17,1.0,-0.29,-0.29,-0.29,-0.18,-0.17,-0.17,-0.95,-0.93,-0.94,1.0,3.0,15.0
66.0,69.0,67.5,1.0,-0.12,-0.11,-0.11,-0.56,-0.55,-0.55,-0.83,-0.82,-0.82,1.0,3.0,15.0
51.0,54.0,53.2,1.0,-0.07,-0.07,-0.07,0.27,0.28,0.27,-0.97,-0.96,-0.96,1.0,3.0,15.0
62.0,67.0,65.0,1.0,-0.07,-0.06,-0.06,-0.51,-0.49,-0.5,-0.87,-0.86,-0.86,1.0,3.0,15.0
66.0,70.0,67.33,1.0,-0.06,-0.06,-0.06,-0.66,-0.65,-0.66,-0.75,-0.75,-0.75,1.0,3.0,15.0
52.0,53.0,52.83,1.0,-0.19,-0.18,-0.18,0.33,0.34,0.34,-0.93,-0.92,-0.92,1.0,3.0,15.0
65.0,68.0,66.2,1.0,-0.12,-0.11,-0.11,-0.56,-0.55,-0.56,-0.83,-0.82,-0.82,1.0,3.0,15.0
66.0,66.0,66.0,1.0,-0.3,-0.29,-0.3,-0.18,-0.17,-0.18,-0.95,-0.93,-0.94,1.0,3.0,15.0
64.0,68.0,66.5,1.0,-0.3,-0.29,-0.3,-0.19,-0.18,-0.18,-0.94,-0.93,-0.94,1.0,3.0,15.0
64.0,65.0,64.5,1.0,-0.12,-0.11,-0.11,-0.57,-0.55,-0.56,-0.83,-0.82,-0.82,1.0,3.0,15.0
52.0,59.0,54.67,1.01,-0.83,0.13,-0.17,-1.11,1.25,0.16,-1.06,0.86,-0.81,1.0,3.0,15.0
64.0,76.0,69.5,1.0,-0.12,-0.11,-0.12,-0.56,-0.54,-0.55,-0.83,-0.82,-0.83,1.0,3.0,15.0
64.0,66.0,65.67,1.0,-0.12,-0.1,-0.11,-0.58,-0.55,-0.56,-0.83,-0.81,-0.82,1.0,3.0,15.0
50.0,53.0,50.67,1.0,-0.06,-0.04,-0.05,-0.58,-0.57,-0.58,-0.82,-0.81,-0.82,0.0,5.0,15.0
58.0,63.0,61.0,1.0,-0.04,-0.03,-0.03,-0.58,-0.56,-0.57,-0.83,-0.81,-0.82,0.0,5.0,15.0
58.0,61.0,59.0,1.0,0.07,0.08,0.08,-0.48,-0.48,-0.48,-0.88,-0.87,-0.87,0.0,5.0,15.0
57.0,59.0,58.0,1.0,0.07,0.08,0.08,-0.49,-0.47,-0.48,-0.88,-0.87,-0.88,0.0,5.0,15.0
55.0,58.0,56.33,1.0,0.08,0.09,0.08,-0.46,-0.45,-0.45,-0.89,-0.88,-0.89,0.0,5.0,15.0
60.0,61.0,60.83,1.0,-0.38,0.3,0.14,-1.28,-0.45,-0.92,-0.89,0.42,0.24,0.0,0.0,7.0
70.0,80.0,73.86,1.0,0.04,0.04,0.04,-0.99,-0.98,-0.99,0.14,0.16,0.15,0.0,0.0,7.0
66.0,70.0,67.0,1.0,0.04,0.04,0.04,-0.99,-0.98,-0.99,0.14,0.16,0.15,0.0,0.0,7.0
70.0,74.0,72.5,0.99,-0.05,-0.02,-0.03,0.15,0.17,0.16,-0.98,-0.97,-0.98,0.0,0.0,7.0
60.0,61.0,60.5,1.0,0.11,0.12,0.11,-0.94,-0.93,-0.94,0.32,0.34,0.33,0.0,0.0,7.0
69.0,71.0,70.2,1.0,0.65,0.66,0.65,0.73,0.76,0.76,-0.04,0.01,-0.02,1.0,1.0,7.0
76.0,80.0,78.5,1.01,0.25,0.26,0.26,-0.27,-0.26,-0.27,0.93,0.94,0.94,1.0,1.0,7.0
58.0,59.0,58.5,1.01,-0.57,0.18,-0.07,-1.5,0.38,-0.37,-1.12,0.42,-0.35,1.0,2.0,7.0
69.0,73.0,69.8,1.01,0.25,0.26,0.26,-0.27,-0.26,-0.27,0.93,0.94,0.94,1.0,2.0,7.0
65.0,66.0,65.57,0.99,-0.25,-0.24,-0.24,-0.28,-0.27,-0.27,-0.93,-0.92,-0.92,1.0,2.0,7.0
59.0,68.0,62.83,1.0,0.17,0.18,0.17,-0.91,-0.89,-0.9,0.4,0.43,0.41,1.0,2.0,7.0
72.0,75.0,73.67,0.99,-0.05,-0.04,-0.05,0.15,0.16,0.16,-0.98,-0.97,-0.98,1.0,2.0,7.0
59.0,61.0,60.33,0.99,-0.22,-0.21,-0.22,0.12,0.14,0.13,-0.96,-0.95,-0.96,1.0,3.0,7.0
59.0,61.0,60.0,0.99,-0.22,-0.21,-0.22,0.12,0.14,0.13,-0.96,-0.95,-0.96,1.0,3.0,7.0
72.0,76.0,73.67,0.99,-0.31,-0.15,-0.18,-1.06,0.39,0.17,-0.98,0.13,-0.83,0.0,5.0,7.0
73.0,74.0,73.29,0.99,-0.15,-0.12,-0.13,0.23,0.38,0.33,-0.95,-0.91,-0.93,0.0,5.0,7.0
71.0,74.0,72.4,0.99,-0.58,0.69,-0.11,-0.01,1.33,0.34,-1.19,-0.16,-0.9,0.0,5.0,7.0
72.0,75.0,73.17,0.99,-0.17,-0.16,-0.16,0.3,0.33,0.32,-0.93,-0.92,-0.92,0.0,5.0,7.0
72.0,75.0,73.2,1.0,0.24,0.25,0.24,-0.91,-0.9,-0.91,0.35,0.36,0.35,0.0,5.0,7.0
81.0,84.0,83.0,1.01,-0.24,0.97,0.41,-1.22,0.8,-0.55,-1.13,-0.14,-0.66,0.0,0.0,18.0
75.0,78.0,76.4,1.0,-0.07,-0.07,-0.07,-0.46,-0.46,-0.46,0.88,0.89,0.88,1.0,1.0,18.0
67.0,80.0,70.67,1.0,0.35,0.35,0.35,-0.51,-0.5,-0.51,0.78,0.79,0.79,1.0,1.0,18.0
69.0,74.0,71.17,1.0,0.35,0.35,0.35,-0.51,-0.5,-0.51,0.78,0.79,0.79,1.0,1.0,18.0
83.0,86.0,85.0,1.0,0.34,0.34,0.34,-0.92,-0.92,-0.92,0.19,0.21,0.2,1.0,2.0,18.0
80.0,84.0,82.0,1.0,0.34,0.34,0.34,-0.92,-0.92,-0.92,0.2,0.21,0.2,1.0,2.0,18.0
84.0,86.0,85.0,1.0,0.34,0.34,0.34,-0.92,-0.92,-0.92,0.19,0.21,0.2,1.0,2.0,18.0
81.0,84.0,83.17,1.0,0.26,0.26,0.26,-0.81,-0.8,-0.81,-0.54,-0.53,-0.54,1.0,3.0,18.0
71.0,77.0,73.33,1.0,0.35,0.36,0.35,-0.51,-0.5,-0.5,0.78,0.79,0.79,1.0,3.0,18.0
78.0,81.0,80.0,1.0,0.35,0.36,0.35,-0.51,-0.5,-0.5,0.78,0.79,0.79,1.0,3.0,18.0
81.0,86.0,83.83,1.0,0.25,0.26,0.26,-0.81,-0.8,-0.8,-0.55,-0.54,-0.54,1.0,3.0,18.0
82.0,85.0,84.0,1.0,0.34,0.34,0.34,-0.93,-0.92,-0.92,0.19,0.2,0.19,1.0,3.0,18.0
77.0,83.0,79.83,1.0,0.35,0.36,0.36,-0.51,-0.5,-0.5,0.78,0.79,0.79,1.0,3.0,18.0
86.0,86.0,86.0,1.0,0.26,0.26,0.26,-0.74,-0.73,-0.73,-0.64,-0.63,-0.63,1.0,3.0,18.0
80.0,85.0,81.17,1.0,0.25,0.26,0.26,-0.81,-0.79,-0.8,-0.55,-0.54,-0.55,1.0,3.0,18.0
72.0,74.0,73.33,1.0,0.35,0.36,0.36,-0.51,-0.5,-0.5,0.78,0.79,0.79,1.0,3.0,18.0
64.0,66.0,65.0,1.0,0.34,0.35,0.35,-0.51,-0.51,-0.51,0.78,0.79,0.79,0.0,5.0,18.0
75.0,78.0,76.17,1.0,0.25,0.25,0.25,-0.73,-0.72,-0.73,-0.65,-0.64,-0.65,0.0,5.0,18.0
70.0,71.0,70.67,1.0,0.55,0.56,0.56,-0.36,-0.35,-0.36,-0.76,-0.75,-0.75,0.0,5.0,18.0
60.0,60.0,60.0,0.99,-0.06,-0.06,-0.06,-0.35,-0.34,-0.34,-0.93,-0.93,-0.93,0.0,0.0,20.0
72.0,73.0,72.4,0.99,-0.13,-0.11,-0.12,-0.16,-0.12,-0.14,-0.99,-0.97,-0.98,0.0,0.0,20.0
65.0,65.0,65.0,0.99,-0.06,-0.05,-0.06,-0.36,-0.35,-0.36,-0.93,-0.92,-0.92,0.0,0.0,20.0
61.0,61.0,61.0,0.99,-0.06,-0.06,-0.06,-0.35,-0.34,-0.34,-0.93,-0.93,-0.93,0.0,0.0,20.0
73.0,75.0,73.86,0.99,-0.13,-0.12,-0.13,-0.4,-0.39,-0.39,-0.91,-0.9,-0.9,0.0,0.0,20.0
61.0,71.0,65.5,0.99,-0.11,-0.1,-0.1,-0.21,-0.2,-0.2,-0.97,-0.96,-0.97,1.0,1.0,20.0
67.0,68.0,67.8,0.99,-0.11,-0.09,-0.1,-0.11,-0.1,-0.11,-0.99,-0.98,-0.98,1.0,1.0,20.0
69.0,70.0,69.5,1.0,-0.18,-0.17,-0.17,0.51,0.52,0.52,-0.84,-0.83,-0.83,1.0,1.0,20.0
67.0,69.0,67.83,1.0,-0.18,-0.17,-0.17,0.51,0.52,0.52,-0.84,-0.83,-0.84,1.0,1.0,20.0
72.0,75.0,73.2,1.0,-0.18,-0.17,-0.17,0.52,0.52,0.52,-0.84,-0.83,-0.83,1.0,1.0,20.0
65.0,66.0,65.67,0.99,-0.1,-0.1,-0.1,-0.07,-0.07,-0.07,-0.99,-0.98,-0.99,1.0,1.0,20.0
62.0,63.0,62.17,0.99,-0.06,-0.05,-0.06,-0.36,-0.35,-0.36,-0.93,-0.92,-0.93,1.0,1.0,20.0
66.0,68.0,67.0,0.99,-0.1,-0.09,-0.1,-0.11,-0.11,-0.11,-0.99,-0.98,-0.98,1.0,1.0,20.0
64.0,65.0,64.17,0.99,-0.11,-0.09,-0.1,-0.22,-0.17,-0.2,-0.97,-0.95,-0.97,1.0,1.0,20.0
68.0,72.0,70.83,1.0,-0.18,-0.17,-0.17,0.51,0.51,0.51,-0.84,-0.83,-0.84,1.0,1.0,20.0
63.0,66.0,64.5,0.99,-0.1,-0.09,-0.1,-0.11,-0.11,-0.11,-0.99,-0.98,-0.98,1.0,1.0,20.0
68.0,69.0,68.17,1.0,-0.18,-0.17,-0.17,0.51,0.51,0.51,-0.84,-0.84,-0.84,1.0,1.0,20.0
66.0,68.0,67.4,0.99,-0.04,-0.04,-0.04,-0.38,-0.37,-0.37,-0.92,-0.92,-0.92,1.0,1.0,20.0
66.0,70.0,67.4,0.99,-0.1,-0.09,-0.1,-0.12,-0.11,-0.11,-0.99,-0.98,-0.98,1.0,1.0,20.0
65.0,66.0,65.83,0.99,-0.11,-0.09,-0.1,-0.12,-0.11,-0.11,-0.99,-0.97,-0.98,1.0,1.0,20.0
65.0,71.0,66.5,0.99,0.07,0.08,0.07,-0.57,-0.56,-0.57,-0.82,-0.81,-0.81,1.0,2.0,20.0
68.0,68.0,68.0,0.99,-0.04,-0.04,-0.04,-0.38,-0.38,-0.38,-0.92,-0.91,-0.92,1.0,3.0,20.0
74.0,75.0,74.2,0.99,-0.05,-0.04,-0.04,-0.38,-0.37,-0.38,-0.92,-0.91,-0.92,1.0,3.0,20.0
64.0,65.0,64.8,0.99,-0.11,-0.1,-0.11,-0.18,-0.18,-0.18,-0.97,-0.97,-0.97,0.0,5.0,20.0
63.0,68.0,66.6,0.99,-0.04,-0.03,-0.04,-0.44,-0.43,-0.43,-0.9,-0.89,-0.89,0.0,5.0,20.0
73.0,82.0,76.17,1.0,-0.63,-0.46,-0.51,-0.95,-0.74,-0.84,-0.1,0.26,0.1,0.0,0.0,11.0
54.0,59.0,56.17,1.0,-0.23,-0.22,-0.23,-0.47,-0.46,-0.47,0.85,0.86,0.86,0.0,0.0,11.0
63.0,64.0,63.4,0.99,-0.93,-0.35,-0.5,-0.93,0.03,-0.74,-1.01,0.66,-0.09,0.0,0.0,11.0
51.0,53.0,52.0,1.0,0.14,0.15,0.14,0.01,0.01,0.01,0.99,1.0,0.99,1.0,1.0,11.0
57.0,61.0,59.17,1.0,0.57,0.58,0.57,-0.02,-0.02,-0.02,-0.82,-0.81,-0.81,1.0,1.0,11.0
56.0,59.0,56.83,1.0,0.29,0.3,0.3,0.08,0.09,0.08,-0.95,-0.94,-0.95,1.0,1.0,11.0
57.0,59.0,57.86,1.0,-0.23,-0.22,-0.23,-0.47,-0.46,-0.47,0.85,0.86,0.86,1.0,1.0,11.0
60.0,64.0,61.17,1.0,-0.36,-0.34,-0.35,-0.47,-0.46,-0.46,-0.81,-0.8,-0.81,1.0,1.0,11.0
53.0,56.0,54.5,1.0,-0.33,-0.32,-0.32,-0.43,-0.43,-0.43,0.84,0.85,0.85,1.0,1.0,11.0
55.0,59.0,56.83,1.0,-0.38,-0.38,-0.38,-0.92,-0.91,-0.92,0.09,0.1,0.09,1.0,1.0,11.0
60.0,60.0,60.0,1.0,0.17,0.18,0.18,0.25,0.26,0.25,0.95,0.96,0.96,1.0,2.0,11.0
57.0,58.0,57.67,0.99,-0.16,-0.15,-0.16,-0.03,-0.02,-0.03,-0.99,-0.98,-0.98,1.0,2.0,11.0
59.0,59.0,59.0,1.0,-0.71,-0.15,-0.24,-0.98,-0.01,-0.17,-1.07,0.08,-0.84,1.0,2.0,11.0
55.0,56.0,55.17,1.0,-0.51,-0.5,-0.51,-0.19,-0.19,-0.19,0.84,0.85,0.85,1.0,2.0,11.0
54.0,58.0,56.67,1.0,0.13,0.13,0.13,0.02,0.03,0.03,0.99,1.0,1.0,1.0,2.0,11.0
52.0,54.0,53.2,1.0,-0.33,-0.27,-0.32,-0.43,-0.39,-0.43,0.84,0.89,0.85,1.0,2.0,11.0
56.0,57.0,56.67,0.99,-0.4,-0.39,-0.4,-0.55,-0.52,-0.54,-0.74,-0.73,-0.74,1.0,2.0,11.0
55.0,57.0,55.83,0.99,-0.4,-0.39,-0.4,-0.56,-0.52,-0.54,-0.74,-0.73,-0.74,1.0,2.0,11.0
63.0,68.0,65.5,1.0,0.13,0.14,0.13,0.05,0.07,0.05,0.99,1.0,0.99,1.0,2.0,11.0
59.0,59.0,59.0,1.0,0.57,0.58,0.57,-0.03,-0.01,-0.02,-0.82,-0.81,-0.81,1.0,2.0,11.0
59.0,63.0,60.67,1.0,-0.24,-0.23,-0.23,0.25,0.27,0.26,-0.94,-0.93,-0.93,1.0,2.0,11.0
54.0,55.0,54.33,0.99,-0.37,-0.36,-0.37,-0.42,-0.41,-0.41,-0.83,-0.82,-0.83,1.0,2.0,11.0
54.0,56.0,55.0,1.0,-0.53,-0.52,-0.52,-0.08,-0.08,-0.08,0.85,0.86,0.85,1.0,2.0,11.0
55.0,57.0,55.8,1.0,-0.23,-0.22,-0.22,0.24,0.26,0.25,-0.94,-0.93,-0.94,1.0,3.0,11.0
56.0,58.0,57.5,0.99,-0.4,-0.39,-0.4,-0.55,-0.52,-0.53,-0.75,-0.73,-0.74,1.0,3.0,11.0
53.0,56.0,54.67,0.99,-0.4,-0.39,-0.4,-0.55,-0.52,-0.53,-0.75,-0.73,-0.74,1.0,3.0,11.0
55.0,56.0,55.17,1.0,0.14,0.14,0.14,0.02,0.03,0.02,0.99,1.0,0.99,1.0,3.0,11.0
56.0,58.0,57.33,0.99,-0.4,-0.39,-0.4,-0.55,-0.52,-0.54,-0.74,-0.73,-0.74,1.0,3.0,11.0
62.0,67.0,63.83,1.0,-0.54,0.26,0.13,-1.1,-0.64,-0.91,0.08,0.79,0.25,0.0,5.0,11.0
62.0,64.0,63.2,0.99,-0.36,-0.35,-0.36,-0.05,-0.04,-0.05,-0.93,-0.92,-0.93,0.0,5.0,11.0
62.0,85.0,71.67,1.0,-0.2,-0.19,-0.2,0.02,0.02,0.02,0.98,0.99,0.98,0.0,5.0,11.0
61.0,66.0,63.5,1.0,0.11,0.12,0.12,-0.73,-0.72,-0.73,0.68,0.69,0.68,0.0,5.0,11.0
62.0,64.0,63.17,1.0,-0.49,0.8,0.37,-0.42,0.3,-0.15,-1.06,-0.61,-0.86,0.0,5.0,11.0
56.0,56.0,56.0,1.0,-0.25,-0.24,-0.24,0.13,0.13,0.13,0.96,0.97,0.97,0.0,5.0,11.0
54.0,54.0,54.0,1.0,-0.38,-0.38,-0.38,-0.49,-0.48,-0.48,0.77,0.8,0.79,0.0,5.0,11.0
54.0,54.0,54.0,1.0,-0.27,-0.27,-0.27,0.21,0.22,0.22,0.94,0.95,0.94,0.0,5.0,11.0
60.0,70.0,67.4,0.99,-0.34,-0.33,-0.33,-0.05,-0.04,-0.05,-0.94,-0.93,-0.94,0.0,5.0,11.0
87.0,90.0,89.0,0.99,-0.4,-0.39,-0.39,-0.09,-0.07,-0.08,-0.92,-0.9,-0.91,0.0,0.0,22.0
88.0,90.0,88.86,1.0,-0.81,-0.79,-0.8,-0.57,-0.56,-0.56,-0.2,-0.19,-0.19,0.0,0.0,22.0
87.0,90.0,88.43,1.0,-0.66,-0.64,-0.65,-0.59,-0.58,-0.59,-0.49,-0.47,-0.48,1.0,1.0,22.0
80.0,80.0,80.0,1.0,-0.63,-0.61,-0.62,-0.68,-0.67,-0.68,-0.39,-0.37,-0.38,1.0,1.0,22.0
88.0,90.0,89.29,1.0,-0.65,-0.64,-0.65,-0.59,-0.58,-0.59,-0.49,-0.47,-0.48,1.0,2.0,22.0
89.0,90.0,89.67,1.0,-0.66,-0.64,-0.65,-0.59,-0.58,-0.59,-0.49,-0.47,-0.48,1.0,2.0,22.0
86.0,87.0,86.43,1.0,-0.61,-0.59,-0.6,-0.77,-0.77,-0.77,-0.2,-0.18,-0.19,1.0,2.0,22.0
84.0,85.0,84.71,1.0,-0.59,-0.58,-0.59,-0.59,-0.58,-0.58,-0.56,-0.55,-0.55,1.0,2.0,22.0
86.0,91.0,88.33,1.0,-0.65,-0.64,-0.64,-0.59,-0.58,-0.59,-0.49,-0.47,-0.48,1.0,2.0,22.0
88.0,89.0,88.43,1.0,-0.65,-0.64,-0.64,-0.59,-0.58,-0.59,-0.49,-0.47,-0.48,1.0,3.0,22.0
77.0,80.0,78.5,0.99,-0.51,-0.5,-0.5,-0.68,-0.68,-0.68,-0.53,-0.51,-0.52,1.0,3.0,22.0
78.0,80.0,79.0,1.0,-0.64,-0.62,-0.63,-0.68,-0.67,-0.67,-0.39,-0.37,-0.38,1.0,3.0,22.0
73.0,76.0,74.5,0.99,-0.55,-0.54,-0.54,-0.38,-0.37,-0.37,-0.75,-0.74,-0.75,1.0,3.0,22.0
76.0,80.0,78.5,0.99,-0.5,-0.49,-0.49,-0.73,-0.72,-0.72,-0.47,-0.46,-0.47,1.0,3.0,22.0
76.0,77.0,76.33,0.99,-0.55,-0.53,-0.54,-0.37,-0.36,-0.37,-0.75,-0.75,-0.75,1.0,3.0,22.0
73.0,75.0,73.6,0.99,-0.63,-0.61,-0.62,-0.68,-0.67,-0.68,-0.39,-0.37,-0.38,1.0,3.0,22.0
75.0,86.0,82.17,0.99,-0.51,-0.5,-0.5,-0.69,-0.68,-0.68,-0.53,-0.51,-0.52,1.0,3.0,22.0
88.0,89.0,88.2,1.0,-0.65,-0.64,-0.64,-0.59,-0.59,-0.59,-0.49,-0.47,-0.48,1.0,3.0,22.0
78.0,79.0,78.57,0.99,-0.55,-0.54,-0.54,-0.37,-0.36,-0.37,-0.75,-0.75,-0.75,1.0,3.0,22.0
72.0,110.0,87.29,1.0,-0.63,-0.61,-0.62,-0.68,-0.67,-0.68,-0.39,-0.37,-0.38,1.0,3.0,22.0
85.0,88.0,86.86,1.0,-0.65,-0.63,-0.64,-0.6,-0.59,-0.59,-0.48,-0.47,-0.48,1.0,3.0,22.0
80.0,82.0,80.57,0.99,-0.49,-0.48,-0.49,-0.73,-0.71,-0.72,-0.49,-0.47,-0.48,0.0,5.0,22.0
78.0,85.0,80.5,0.99,-0.57,-0.56,-0.56,-0.62,-0.61,-0.62,-0.54,-0.53,-0.54,0.0,5.0,22.0
79.0,80.0,79.29,0.99,-0.54,-0.53,-0.53,-0.7,-0.69,-0.7,-0.47,-0.46,-0.47,0.0,5.0,22.0
80.0,83.0,81.71,0.99,-0.54,-0.53,-0.53,-0.6,-0.57,-0.58,-0.63,-0.59,-0.6,0.0,5.0,22.0
93.0,97.0,95.29,1.0,0.42,0.44,0.43,0.64,0.65,0.64,-0.64,-0.62,-0.63,0.0,0.0,24.0
76.0,76.0,76.0,0.99,-0.44,0.46,-0.21,-0.57,1.05,0.78,-1.11,0.54,-0.29,0.0,0.0,24.0
91.0,92.0,91.67,0.99,-0.2,-0.19,-0.2,0.38,0.4,0.4,-0.9,-0.88,-0.89,0.0,0.0,24.0
76.0,97.0,88.86,1.0,0.03,0.04,0.04,0.36,0.37,0.36,-0.93,-0.92,-0.93,0.0,0.0,24.0
80.0,94.0,88.2,0.99,0.04,0.04,0.04,0.36,0.36,0.36,-0.93,-0.92,-0.93,0.0,0.0,24.0
75.0,79.0,77.4,0.99,0.04,0.05,0.04,0.35,0.36,0.36,-0.93,-0.92,-0.93,0.0,0.0,24.0
76.0,78.0,77.0,1.0,0.03,0.04,0.04,0.36,0.36,0.36,-0.93,-0.92,-0.93,0.0,0.0,24.0
74.0,78.0,76.83,0.99,0.05,0.06,0.05,0.13,0.14,0.14,-0.99,-0.98,-0.98,0.0,0.0,24.0
87.0,88.0,87.5,0.99,-0.51,-0.5,-0.51,0.09,0.12,0.1,-0.85,-0.84,-0.85,1.0,1.0,24.0
91.0,95.0,92.71,1.0,0.42,0.45,0.43,0.64,0.65,0.64,-0.64,-0.61,-0.63,1.0,1.0,24.0
99.0,110.0,104.5,1.0,0.42,0.43,0.43,0.63,0.64,0.64,-0.64,-0.63,-0.64,1.0,2.0,24.0
87.0,88.0,87.8,0.99,-0.19,-0.19,-0.19,0.5,0.51,0.5,-0.84,-0.83,-0.84,1.0,2.0,24.0
94.0,98.0,96.5,1.0,0.42,0.44,0.43,0.64,0.65,0.64,-0.64,-0.62,-0.63,1.0,2.0,24.0
90.0,92.0,91.0,1.0,0.55,0.58,0.56,0.34,0.35,0.34,-0.76,-0.73,-0.75,1.0,3.0,24.0
89.0,92.0,91.0,1.0,0.56,0.58,0.57,0.34,0.35,0.35,-0.76,-0.73,-0.74,1.0,3.0,24.0
90.0,92.0,91.14,0.99,-0.11,-0.1,-0.11,0.57,0.58,0.58,-0.81,-0.8,-0.8,1.0,3.0,24.0
89.0,95.0,91.57,1.0,0.55,0.57,0.56,0.33,0.34,0.33,-0.77,-0.74,-0.76,1.0,3.0,24.0
87.0,91.0,90.17,1.0,0.56,0.57,0.56,0.34,0.35,0.34,-0.77,-0.73,-0.75,1.0,3.0,24.0
89.0,92.0,90.2,1.0,0.55,0.57,0.56,0.32,0.33,0.33,-0.78,-0.75,-0.76,1.0,3.0,24.0
92.0,95.0,93.8,0.99,-0.15,-0.14,-0.15,0.6,0.61,0.61,-0.78,-0.77,-0.77,1.0,3.0,24.0
64.0,65.0,64.5,0.99,-0.3,-0.29,-0.3,0.21,0.22,0.21,-0.93,-0.92,-0.92,0.0,0.0,17.0
65.0,67.0,66.0,0.99,-0.3,-0.29,-0.3,0.21,0.22,0.22,-0.93,-0.92,-0.92,0.0,0.0,17.0
66.0,67.0,66.5,0.99,-0.27,-0.26,-0.27,-0.55,-0.53,-0.54,-0.8,-0.78,-0.79,0.0,0.0,17.0
66.0,70.0,66.83,0.99,-0.36,-0.35,-0.36,0.39,0.4,0.4,-0.84,-0.83,-0.84,0.0,0.0,17.0
62.0,63.0,62.57,0.99,-0.3,-0.29,-0.3,0.21,0.22,0.21,-0.93,-0.92,-0.92,0.0,0.0,17.0
64.0,66.0,64.67,0.99,-0.3,-0.29,-0.3,0.21,0.22,0.21,-0.93,-0.92,-0.92,0.0,0.0,17.0
57.0,58.0,57.6,0.99,-0.28,-0.26,-0.27,-0.45,-0.43,-0.44,-0.86,-0.84,-0.85,1.0,1.0,17.0
56.0,62.0,59.0,0.99,-0.41,-0.4,-0.41,-0.55,-0.53,-0.54,-0.74,-0.72,-0.73,1.0,1.0,17.0
64.0,64.0,64.0,0.99,-0.33,-0.12,-0.27,-0.45,-0.08,-0.25,-1.02,-0.86,-0.92,1.0,1.0,17.0
66.0,67.0,66.17,0.99,-0.3,-0.29,-0.3,0.21,0.22,0.22,-0.93,-0.92,-0.92,1.0,1.0,17.0
67.0,70.0,68.86,0.99,-0.27,-0.26,-0.27,-0.56,-0.54,-0.55,-0.79,-0.77,-0.78,1.0,2.0,17.0
59.0,63.0,61.0,0.99,-0.2,-0.19,-0.2,-0.02,-0.0,-0.01,-0.98,-0.97,-0.97,1.0,2.0,17.0
65.0,66.0,65.67,1.03,-0.08,1.48,0.76,-0.65,1.19,0.52,-0.87,0.23,-0.27,1.0,2.0,17.0
65.0,67.0,65.86,0.99,-0.38,-0.37,-0.38,0.34,0.36,0.35,-0.86,-0.84,-0.85,1.0,2.0,17.0
66.0,79.0,72.67,0.99,-0.34,-0.33,-0.34,-0.3,-0.29,-0.29,-0.89,-0.88,-0.89,1.0,2.0,17.0
64.0,65.0,64.17,0.99,-0.28,-0.27,-0.27,-0.45,-0.43,-0.44,-0.85,-0.84,-0.85,1.0,2.0,17.0
61.0,67.0,64.2,0.99,-0.21,-0.16,-0.19,-0.02,0.06,0.0,-0.99,-0.96,-0.98,1.0,2.0,17.0
64.0,65.0,64.57,0.99,-0.3,-0.29,-0.3,0.21,0.22,0.21,-0.93,-0.92,-0.92,1.0,2.0,17.0
61.0,63.0,61.83,0.99,-0.28,-0.26,-0.27,-0.45,-0.43,-0.44,-0.85,-0.83,-0.84,1.0,3.0,17.0
67.0,69.0,68.0,0.99,-0.25,-0.24,-0.25,-0.0,0.0,-0.0,-0.97,-0.95,-0.96,1.0,3.0,17.0
63.0,64.0,63.5,0.99,-0.28,-0.26,-0.27,-0.45,-0.43,-0.44,-0.85,-0.84,-0.85,1.0,3.0,17.0
68.0,73.0,70.6,1.0,0.49,0.5,0.5,0.11,0.13,0.12,-0.86,-0.85,-0.86,1.0,3.0,17.0
62.0,64.0,62.8,0.99,-0.28,-0.26,-0.27,-0.45,-0.43,-0.44,-0.85,-0.83,-0.85,1.0,3.0,17.0
69.0,75.0,71.6,1.01,-0.7,-0.06,-0.23,-1.43,0.49,-0.31,-1.26,-0.11,-0.9,1.0,3.0,17.0
66.0,73.0,69.17,0.99,-0.2,-0.19,-0.19,-0.27,-0.26,-0.27,-0.94,-0.93,-0.94,1.0,3.0,17.0
78.0,83.0,80.5,0.99,-0.23,-0.21,-0.22,-0.26,-0.24,-0.25,-0.94,-0.93,-0.94,1.0,3.0,17.0
63.0,64.0,63.29,0.99,-0.39,-0.37,-0.38,0.35,0.36,0.35,-0.85,-0.84,-0.85,1.0,3.0,17.0
62.0,65.0,63.71,0.99,-0.28,-0.26,-0.27,-0.45,-0.43,-0.44,-0.85,-0.84,-0.85,1.0,3.0,17.0
62.0,64.0,62.43,0.99,-0.28,-0.27,-0.27,-0.45,-0.43,-0.44,-0.85,-0.83,-0.84,1.0,3.0,17.0
56.0,61.0,58.29,0.99,-0.28,-0.26,-0.27,-0.45,-0.43,-0.44,-0.85,-0.84,-0.85,0.0,5.0,17.0
76.0,80.0,77.2,1.0,0.22,0.23,0.23,-0.36,-0.35,-0.35,-0.91,-0.9,-0.91,0.0,0.0,19.0
76.0,80.0,77.33,1.0,0.2,0.23,0.22,-0.38,-0.33,-0.36,-0.93,-0.9,-0.91,0.0,0.0,19.0
59.0,64.0,62.0,1.0,0.22,0.23,0.22,-0.05,-0.05,-0.05,-0.97,-0.97,-0.97,0.0,0.0,19.0
73.0,77.0,76.0,1.0,0.64,0.66,0.65,0.17,0.19,0.18,-0.74,-0.73,-0.74,0.0,0.0,19.0
72.0,77.0,73.8,1.0,0.22,0.23,0.23,-0.34,-0.33,-0.33,-0.92,-0.91,-0.91,0.0,0.0,19.0
71.0,75.0,73.17,1.0,0.22,0.23,0.22,-0.37,-0.36,-0.36,-0.91,-0.9,-0.9,0.0,0.0,19.0
77.0,98.0,85.17,1.0,0.22,0.23,0.23,-0.34,-0.33,-0.33,-0.92,-0.91,-0.91,0.0,0.0,19.0
65.0,68.0,66.2,1.0,0.22,0.23,0.22,-0.05,-0.04,-0.05,-0.97,-0.97,-0.97,0.0,0.0,19.0
70.0,74.0,71.33,1.0,0.22,0.23,0.23,-0.06,-0.05,-0.06,-0.98,-0.97,-0.97,0.0,0.0,19.0
71.0,76.0,73.67,1.0,0.22,0.23,0.23,-0.34,-0.33,-0.33,-0.92,-0.91,-0.91,0.0,0.0,19.0
61.0,64.0,61.86,1.0,0.22,0.23,0.23,-0.04,-0.03,-0.04,-0.97,-0.97,-0.97,0.0,0.0,19.0
80.0,81.0,80.33,1.0,0.22,0.23,0.23,-0.34,-0.33,-0.33,-0.92,-0.91,-0.91,0.0,0.0,19.0
76.0,77.0,76.67,1.0,0.19,0.21,0.2,0.14,0.16,0.15,-0.97,-0.96,-0.97,0.0,0.0,19.0
82.0,86.0,84.4,1.0,-0.62,-0.6,-0.61,0.03,0.05,0.04,-0.8,-0.78,-0.79,1.0,1.0,19.0
69.0,70.0,69.33,1.0,-0.61,-0.6,-0.6,0.05,0.06,0.06,-0.8,-0.79,-0.8,1.0,1.0,19.0
70.0,72.0,71.0,1.0,-0.52,-0.51,-0.51,0.82,0.83,0.83,-0.23,-0.23,-0.23,1.0,2.0,19.0
74.0,77.0,75.6,1.0,-0.51,-0.5,-0.51,0.82,0.83,0.83,-0.25,-0.24,-0.25,1.0,2.0,19.0
72.0,77.0,74.0,1.0,-0.59,-0.58,-0.58,-0.09,-0.07,-0.08,-0.81,-0.8,-0.81,1.0,3.0,19.0
73.0,74.0,73.67,1.0,-0.51,-0.5,-0.5,0.83,0.83,0.83,-0.25,-0.24,-0.25,1.0,3.0,19.0
76.0,77.0,76.6,1.0,-0.59,-0.31,-0.47,-0.9,-0.63,-0.75,-0.5,-0.31,-0.46,1.0,3.0,19.0
76.0,77.0,76.8,1.0,-0.37,-0.36,-0.37,0.83,0.83,0.83,-0.42,-0.42,-0.42,0.0,5.0,19.0
75.0,80.0,76.83,1.0,-0.37,-0.36,-0.37,0.83,0.84,0.83,-0.42,-0.42,-0.42,0.0,5.0,19.0
73.0,76.0,74.2,1.0,-0.62,-0.61,-0.62,0.06,0.07,0.07,-0.79,-0.78,-0.78,0.0,5.0,19.0
74.0,75.0,74.4,1.0,-0.63,-0.63,-0.63,0.13,0.14,0.14,-0.77,-0.76,-0.76,0.0,5.0,19.0
71.0,93.0,76.6,1.0,-0.78,-0.77,-0.77,-0.04,-0.02,-0.03,-0.63,-0.62,-0.63,0.0,5.0,19.0
75.0,80.0,77.67,1.0,-0.62,-0.61,-0.62,0.06,0.08,0.07,-0.79,-0.78,-0.78,0.0,5.0,19.0
77.0,79.0,77.67,1.0,-0.5,-0.49,-0.49,0.84,0.85,0.85,-0.2,-0.19,-0.2,0.0,5.0,19.0
71.0,75.0,72.67,1.0,-0.79,-0.78,-0.78,-0.04,-0.02,-0.03,-0.63,-0.61,-0.62,0.0,5.0,19.0
71.0,77.0,73.17,1.0,-0.62,-0.61,-0.61,0.0,0.02,0.01,-0.79,-0.78,-0.79,0.0,5.0,19.0
49.0,49.0,49.0,0.99,-0.58,-0.57,-0.57,0.2,0.21,0.2,-0.79,-0.78,-0.78,0.0,0.0,10.0
47.0,48.0,47.4,1.0,-1.01,-0.12,-0.43,0.01,0.56,0.28,-1.62,-0.09,-0.84,0.0,0.0,10.0
79.0,79.0,79.0,1.0,0.44,0.45,0.44,-0.4,-0.39,-0.4,-0.8,-0.79,-0.8,0.0,0.0,10.0
45.0,46.0,45.5,0.99,-0.22,0.44,0.36,-0.41,1.04,-0.04,-1.13,-0.17,-0.79,0.0,0.0,10.0
64.0,68.0,66.33,0.99,-0.58,-0.57,-0.57,0.19,0.21,0.2,-0.79,-0.78,-0.79,0.0,0.0,10.0
45.0,46.0,45.5,1.0,0.42,0.43,0.43,-0.17,-0.16,-0.16,-0.89,-0.88,-0.89,0.0,0.0,10.0
50.0,50.0,50.0,0.99,-0.42,-0.37,-0.39,-0.1,-0.07,-0.08,-0.92,-0.89,-0.91,0.0,0.0,10.0
45.0,48.0,46.2,1.0,0.42,0.43,0.43,-0.17,-0.15,-0.16,-0.89,-0.88,-0.89,0.0,0.0,10.0
49.0,49.0,49.0,0.99,-0.58,-0.57,-0.57,0.19,0.21,0.2,-0.79,-0.78,-0.78,0.0,0.0,10.0
50.0,50.0,50.0,0.99,-0.58,-0.57,-0.57,0.2,0.21,0.2,-0.79,-0.78,-0.78,0.0,0.0,10.0
50.0,50.0,50.0,0.99,-0.63,-0.6,-0.61,-0.09,-0.07,-0.08,-0.79,-0.76,-0.78,0.0,0.0,10.0
50.0,50.0,50.0,0.99,-0.47,-0.46,-0.47,0.0,0.02,0.01,-0.88,-0.87,-0.88,1.0,1.0,10.0
64.0,66.0,65.17,0.99,-0.58,-0.57,-0.57,0.2,0.21,0.2,-0.79,-0.78,-0.79,1.0,1.0,10.0
48.0,49.0,48.33,0.99,-0.58,-0.57,-0.58,0.19,0.21,0.2,-0.79,-0.78,-0.78,1.0,1.0,10.0
44.0,45.0,44.67,1.0,0.56,0.58,0.57,0.01,0.02,0.01,-0.83,-0.81,-0.82,1.0,1.0,10.0
62.0,67.0,64.5,0.99,-0.58,-0.57,-0.57,0.19,0.21,0.2,-0.79,-0.78,-0.79,1.0,1.0,10.0
47.0,55.0,51.17,0.99,-0.58,-0.57,-0.57,0.19,0.21,0.2,-0.79,-0.78,-0.79,1.0,1.0,10.0
48.0,50.0,49.33,0.99,-0.6,-0.59,-0.6,0.16,0.17,0.17,-0.78,-0.77,-0.78,1.0,1.0,10.0
47.0,49.0,48.14,1.0,0.42,0.43,0.42,-0.17,-0.16,-0.16,-0.9,-0.88,-0.89,1.0,1.0,10.0
93.0,95.0,94.33,0.99,-0.85,-0.0,-0.42,-0.88,0.26,-0.17,-0.9,-0.46,-0.84,1.0,1.0,10.0
62.0,65.0,64.0,0.99,-0.59,-0.58,-0.59,0.34,0.37,0.36,-0.72,-0.71,-0.72,1.0,2.0,10.0
47.0,47.0,47.0,1.0,0.56,0.58,0.57,0.01,0.02,0.01,-0.83,-0.81,-0.82,1.0,2.0,10.0
44.0,47.0,46.33,1.0,0.41,0.47,0.46,-0.44,-0.39,-0.42,-0.84,-0.76,-0.77,1.0,2.0,10.0
63.0,65.0,63.8,0.99,-0.5,-0.47,-0.47,-0.3,-0.26,-0.28,-0.83,-0.81,-0.82,1.0,2.0,10.0
48.0,49.0,48.67,0.99,-0.58,-0.57,-0.57,0.2,0.21,0.2,-0.79,-0.78,-0.78,1.0,2.0,10.0
49.0,50.0,49.5,0.99,-0.47,-0.46,-0.47,-0.11,-0.09,-0.1,-0.87,-0.86,-0.87,1.0,2.0,10.0
46.0,47.0,46.14,0.99,-0.45,-0.44,-0.45,0.06,0.08,0.07,-0.89,-0.88,-0.88,1.0,3.0,10.0
48.0,48.0,48.0,1.0,-0.06,-0.06,-0.06,-0.64,-0.63,-0.63,0.77,0.77,0.77,1.0,3.0,10.0
48.0,50.0,49.17,0.99,-0.47,-0.46,-0.46,0.0,0.02,0.01,-0.88,-0.87,-0.88,1.0,3.0,10.0
47.0,47.0,47.0,0.99,-0.43,-0.42,-0.43,0.01,0.03,0.02,-0.9,-0.89,-0.9,1.0,3.0,10.0
47.0,48.0,47.75,1.0,-0.06,-0.06,-0.06,-0.64,-0.63,-0.63,0.77,0.78,0.77,1.0,3.0,10.0
49.0,49.0,49.0,0.99,-0.58,-0.57,-0.58,0.19,0.21,0.2,-0.79,-0.78,-0.78,1.0,3.0,10.0
45.0,49.0,46.33,0.99,-0.47,-0.46,-0.46,0.0,0.02,0.01,-0.88,-0.87,-0.88,1.0,3.0,10.0
45.0,49.0,46.0,0.99,-0.35,-0.34,-0.35,-0.09,-0.08,-0.09,-0.93,-0.92,-0.93,0.0,5.0,10.0
44.0,48.0,46.43,1.0,0.16,0.17,0.16,-0.24,-0.22,-0.23,-0.96,-0.95,-0.96,0.0,5.0,10.0
46.0,48.0,47.2,1.0,0.18,0.19,0.19,-0.23,-0.21,-0.22,-0.96,-0.95,-0.95,0.0,5.0,10.0
45.0,46.0,45.8,1.0,0.2,0.21,0.2,-0.23,-0.22,-0.22,-0.96,-0.95,-0.95,0.0,5.0,10.0
44.0,66.0,56.5,0.99,-0.36,-0.35,-0.35,-0.1,-0.08,-0.08,-0.93,-0.92,-0.93,0.0,5.0,10.0
64.0,71.0,67.4,0.99,-0.36,-0.35,-0.35,-0.09,-0.07,-0.08,-0.93,-0.92,-0.92,0.0,5.0,10.0
49.0,52.0,50.33,0.99,-0.47,-0.46,-0.47,0.0,0.02,0.01,-0.88,-0.87,-0.88,0.0,5.0,10.0
64.0,73.0,68.17,1.01,-0.83,0.09,-0.4,0.11,1.35,0.63,-1.01,0.57,-0.39,0.0,0.0,0.0
59.0,68.0,63.0,1.0,-0.27,-0.27,-0.27,0.34,0.34,0.34,-0.91,-0.9,-0.9,0.0,0.0,0.0
64.0,71.0,67.5,1.0,-0.27,-0.26,-0.27,-0.53,-0.52,-0.52,-0.82,-0.81,-0.81,0.0,0.0,0.0
70.0,74.0,71.67,1.0,0.06,0.12,0.09,0.19,0.3,0.22,-1.05,-0.89,-0.97,0.0,0.0,0.0
64.0,77.0,73.0,1.0,0.41,0.42,0.41,-0.36,-0.35,-0.36,-0.85,-0.84,-0.84,0.0,0.0,0.0
73.0,85.0,79.0,1.02,-0.42,0.82,0.32,-0.82,1.24,-0.14,-1.54,-0.4,-0.89,0.0,0.0,0.0
62.0,68.0,65.83,1.0,0.32,0.33,0.32,-0.0,0.0,-0.0,-0.95,-0.95,-0.95,0.0,0.0,0.0
67.0,68.0,67.33,1.0,0.69,0.71,0.7,-0.61,-0.59,-0.6,-0.39,-0.38,-0.39,0.0,0.0,0.0
60.0,68.0,65.0,1.0,-0.26,-0.25,-0.25,-0.48,-0.47,-0.47,-0.85,-0.84,-0.85,0.0,0.0,0.0
66.0,70.0,66.67,1.0,0.34,0.45,0.4,-0.31,-0.25,-0.28,-0.9,-0.86,-0.88,0.0,0.0,0.0
71.0,75.0,73.33,1.0,-0.54,-0.53,-0.54,-0.36,-0.32,-0.33,-0.79,-0.76,-0.78,0.0,0.0,0.0
66.0,68.0,67.33,1.0,-0.27,-0.27,-0.27,0.33,0.34,0.33,-0.91,-0.9,-0.9,1.0,1.0,0.0
60.0,62.0,61.0,1.0,0.32,0.33,0.32,-0.0,0.0,-0.0,-0.95,-0.95,-0.95,1.0,1.0,0.0
62.0,65.0,63.17,1.0,0.07,0.07,0.07,0.03,0.03,0.03,-1.01,-1.0,-1.0,1.0,1.0,0.0
68.0,68.0,68.0,1.0,0.41,0.42,0.42,-0.36,-0.35,-0.36,-0.84,-0.84,-0.84,1.0,1.0,0.0
68.0,78.0,74.17,1.0,-0.25,-0.24,-0.25,-0.49,-0.48,-0.48,-0.85,-0.83,-0.84,1.0,1.0,0.0
67.0,68.0,67.6,1.0,0.41,0.42,0.42,-0.36,-0.35,-0.36,-0.84,-0.84,-0.84,1.0,1.0,0.0
67.0,68.0,67.83,1.0,0.41,0.42,0.42,-0.36,-0.35,-0.36,-0.84,-0.84,-0.84,1.0,1.0,0.0
87.0,100.0,95.83,1.0,0.32,0.33,0.32,-0.0,0.01,-0.0,-0.95,-0.94,-0.95,1.0,1.0,0.0
68.0,74.0,71.17,1.0,0.32,0.34,0.33,-0.35,-0.33,-0.34,-0.89,-0.88,-0.88,1.0,1.0,0.0
69.0,71.0,70.0,1.0,0.31,0.38,0.34,-0.35,-0.19,-0.3,-0.94,-0.87,-0.89,1.0,1.0,0.0
61.0,62.0,61.4,1.0,-0.17,-0.17,-0.17,0.07,0.07,0.07,-0.99,-0.98,-0.98,1.0,1.0,0.0
70.0,79.0,74.67,1.0,-0.25,-0.24,-0.25,-0.49,-0.48,-0.48,-0.85,-0.83,-0.84,1.0,1.0,0.0
64.0,68.0,66.33,1.0,-0.25,-0.24,-0.25,-0.49,-0.48,-0.48,-0.85,-0.83,-0.84,1.0,1.0,0.0
68.0,69.0,68.33,1.0,0.68,0.69,0.69,-0.5,-0.49,-0.49,-0.54,-0.53,-0.54,1.0,1.0,0.0
70.0,70.0,70.0,1.0,0.0,0.01,0.0,0.05,0.05,0.05,-1.01,-1.0,-1.0,1.0,1.0,0.0
68.0,70.0,68.67,1.0,0.68,0.69,0.69,-0.5,-0.49,-0.49,-0.54,-0.53,-0.54,1.0,1.0,0.0
59.0,60.0,59.2,1.0,0.38,0.39,0.38,-0.22,-0.21,-0.22,-0.9,-0.9,-0.9,1.0,2.0,0.0
65.0,69.0,67.67,1.0,-0.27,-0.26,-0.26,0.3,0.3,0.3,-0.92,-0.91,-0.92,1.0,2.0,0.0
61.0,93.0,84.33,1.0,-0.27,-0.26,-0.26,0.3,0.3,0.3,-0.93,-0.92,-0.92,1.0,2.0,0.0
65.0,71.0,68.67,1.0,0.36,0.4,0.39,-0.22,-0.16,-0.2,-0.92,-0.9,-0.9,1.0,2.0,0.0
72.0,73.0,72.17,1.0,0.09,0.1,0.09,0.2,0.21,0.2,-0.98,-0.97,-0.98,1.0,2.0,0.0
67.0,68.0,67.67,1.0,0.68,0.69,0.69,-0.5,-0.49,-0.49,-0.54,-0.53,-0.54,1.0,2.0,0.0
66.0,67.0,66.5,1.0,0.32,0.33,0.32,-0.01,0.0,-0.0,-0.95,-0.94,-0.95,1.0,2.0,0.0
67.0,69.0,67.83,1.0,0.29,0.3,0.3,-0.18,-0.17,-0.17,-0.94,-0.94,-0.94,1.0,3.0,0.0
63.0,68.0,64.17,1.0,0.24,0.34,0.31,-0.32,0.02,-0.1,-1.0,-0.94,-0.95,1.0,3.0,0.0
63.0,63.0,63.0,1.0,0.27,0.28,0.27,-0.35,-0.31,-0.34,-0.9,-0.9,-0.9,1.0,3.0,0.0
59.0,60.0,59.2,1.0,0.38,0.39,0.38,-0.23,-0.21,-0.22,-0.9,-0.89,-0.9,1.0,3.0,0.0
62.0,66.0,63.5,1.0,0.1,0.1,0.1,0.21,0.22,0.21,-0.98,-0.97,-0.97,0.0,5.0,0.0
68.0,71.0,70.0,1.0,0.1,0.1,0.1,0.23,0.24,0.23,-0.97,-0.97,-0.97,0.0,5.0,0.0
71.0,77.0,74.0,1.0,0.32,0.33,0.33,-0.33,-0.32,-0.33,-0.89,-0.89,-0.89,0.0,5.0,0.0
62.0,66.0,64.0,1.0,-0.17,-0.17,-0.17,0.06,0.07,0.07,-0.99,-0.98,-0.99,0.0,5.0,0.0
65.0,74.0,68.8,1.0,-0.17,-0.17,-0.17,0.06,0.07,0.07,-0.99,-0.98,-0.99,0.0,5.0,0.0
64.0,71.0,67.0,1.0,0.05,0.05,0.05,0.34,0.35,0.34,-0.94,-0.94,-0.94,0.0,5.0,0.0
60.0,96.0,89.83,1.0,0.09,0.1,0.09,0.22,0.22,0.22,-0.98,-0.97,-0.97,0.0,5.0,0.0
65.0,66.0,65.83,1.0,0.05,0.05,0.05,0.34,0.35,0.35,-0.94,-0.93,-0.94,0.0,5.0,0.0
62.0,66.0,64.0,1.0,0.05,0.05,0.05,0.34,0.35,0.34,-0.94,-0.93,-0.94,0.0,5.0,0.0
63.0,64.0,63.67,1.0,0.09,0.09,0.09,0.22,0.22,0.22,-0.98,-0.97,-0.97,0.0,5.0,0.0
69.0,70.0,69.6,1.0,0.0,0.01,0.0,0.05,0.05,0.05,-1.0,-1.0,-1.0,0.0,5.0,0.0
68.0,70.0,69.0,1.0,-0.53,-0.53,-0.53,0.65,0.65,0.65,-0.54,-0.54,-0.54,0.0,5.0,0.0
77.0,79.0,78.0,1.0,-0.17,-0.16,-0.17,0.07,0.07,0.07,-0.99,-0.98,-0.98,0.0,5.0,0.0
66.0,69.0,67.83,1.02,-0.68,0.71,-0.48,-1.76,1.47,0.62,-1.95,-0.11,-0.55,0.0,5.0,0.0
55.0,57.0,55.5,1.0,0.59,0.64,0.61,-0.5,-0.27,-0.31,-0.75,-0.67,-0.73,0.0,0.0,6.0
58.0,61.0,59.43,1.01,-0.13,-0.1,-0.12,0.95,0.98,0.97,-0.31,-0.2,-0.24,0.0,0.0,6.0
51.0,79.0,63.6,1.0,0.24,0.25,0.24,-0.02,-0.01,-0.01,-0.98,-0.97,-0.97,0.0,0.0,6.0
52.0,55.0,53.17,1.0,0.29,0.3,0.29,0.1,0.12,0.12,-0.96,-0.94,-0.95,0.0,0.0,6.0
50.0,51.0,50.33,1.01,-0.6,0.03,-0.36,-0.44,0.92,0.17,-1.3,-0.54,-0.88,0.0,0.0,6.0
50.0,50.0,50.0,1.0,-0.22,-0.21,-0.22,0.31,0.33,0.32,-0.93,-0.92,-0.93,0.0,0.0,6.0
53.0,56.0,55.14,1.0,0.28,0.3,0.29,0.11,0.12,0.12,-0.96,-0.94,-0.95,0.0,0.0,6.0
52.0,54.0,53.0,1.0,-0.95,-0.94,-0.94,0.03,0.05,0.04,-0.34,-0.33,-0.33,0.0,0.0,6.0
52.0,57.0,54.67,0.99,-0.3,-0.29,-0.29,-0.42,-0.42,-0.42,0.85,0.86,0.85,0.0,0.0,6.0
55.0,56.0,55.33,1.01,-0.41,1.05,0.49,-0.57,1.8,0.55,-0.89,0.82,-0.03,0.0,0.0,6.0
56.0,68.0,59.4,1.0,0.28,0.3,0.29,0.1,0.12,0.11,-0.96,-0.94,-0.95,0.0,0.0,6.0
51.0,54.0,53.14,1.0,-0.87,-0.8,-0.85,-0.46,-0.39,-0.45,-0.34,-0.23,-0.25,0.0,0.0,6.0
62.0,77.0,69.0,1.1,-1.73,1.07,-0.07,-1.08,2.44,0.54,-1.91,1.67,-0.45,0.0,0.0,6.0
59.0,60.0,59.17,1.01,-0.13,-0.11,-0.12,0.95,0.99,0.97,-0.28,-0.19,-0.22,0.0,0.0,6.0
50.0,52.0,50.5,1.0,-0.44,-0.42,-0.43,0.21,0.23,0.22,-0.89,-0.87,-0.88,0.0,0.0,6.0
50.0,50.0,50.0,1.0,-0.23,-0.21,-0.22,0.31,0.32,0.32,-0.93,-0.92,-0.93,0.0,0.0,6.0
52.0,54.0,52.5,0.99,0.15,0.16,0.15,-0.88,-0.87,-0.88,0.44,0.45,0.44,0.0,0.0,6.0
54.0,55.0,54.67,1.0,0.52,0.55,0.53,-0.26,-0.15,-0.2,-0.83,-0.79,-0.82,1.0,1.0,6.0
50.0,51.0,50.17,1.0,0.25,0.26,0.25,0.02,0.04,0.03,-0.97,-0.96,-0.97,1.0,1.0,6.0
52.0,59.0,57.17,1.0,0.3,0.32,0.31,0.14,0.16,0.15,-0.95,-0.93,-0.94,1.0,1.0,6.0
50.0,53.0,51.5,1.0,0.24,0.25,0.24,-0.02,-0.01,-0.01,-0.98,-0.97,-0.97,1.0,1.0,6.0
51.0,53.0,52.2,1.0,-0.44,-0.42,-0.43,0.18,0.2,0.19,-0.89,-0.88,-0.88,1.0,1.0,6.0
52.0,54.0,52.83,1.0,-0.47,-0.46,-0.46,-0.05,-0.04,-0.04,-0.89,-0.88,-0.89,1.0,1.0,6.0
54.0,57.0,54.86,0.99,-0.3,-0.29,-0.29,-0.4,-0.4,-0.4,0.86,0.86,0.86,1.0,1.0,6.0
55.0,58.0,56.14,1.0,0.53,0.57,0.54,-0.19,-0.12,-0.18,-0.83,-0.81,-0.82,1.0,1.0,6.0
53.0,55.0,53.6,1.0,0.54,0.55,0.55,0.04,0.08,0.05,-0.84,-0.83,-0.84,1.0,1.0,6.0
49.0,50.0,49.83,1.0,0.25,0.26,0.25,0.02,0.04,0.03,-0.98,-0.96,-0.97,1.0,2.0,6.0
52.0,57.0,53.67,1.0,0.5,0.51,0.51,-0.26,-0.24,-0.25,-0.83,-0.82,-0.82,1.0,2.0,6.0
53.0,54.0,53.83,1.01,-0.58,0.46,-0.48,-1.58,1.21,-0.0,-1.32,0.48,-0.82,1.0,2.0,6.0
53.0,54.0,53.83,0.99,-0.3,-0.29,-0.29,-0.4,-0.4,-0.4,0.86,0.86,0.86,1.0,2.0,6.0
50.0,52.0,50.8,1.0,0.28,0.33,0.29,0.1,0.13,0.11,-0.96,-0.94,-0.95,1.0,2.0,6.0
53.0,54.0,53.83,1.0,0.51,0.51,0.51,-0.26,-0.25,-0.26,-0.82,-0.82,-0.82,1.0,2.0,6.0
49.0,53.0,51.14,1.0,0.27,0.29,0.28,0.04,0.06,0.05,-0.97,-0.95,-0.96,1.0,2.0,6.0
52.0,55.0,53.83,0.99,-0.29,-0.28,-0.29,-0.43,-0.42,-0.43,0.85,0.85,0.85,1.0,2.0,6.0
51.0,53.0,51.83,0.99,-0.28,-0.27,-0.28,-0.55,-0.54,-0.55,0.78,0.79,0.78,1.0,2.0,6.0
52.0,53.0,52.67,1.0,0.54,0.56,0.55,0.04,0.09,0.06,-0.84,-0.82,-0.83,1.0,2.0,6.0
58.0,59.0,58.17,1.0,-0.66,-0.65,-0.65,0.12,0.14,0.13,-0.76,-0.74,-0.75,1.0,3.0,6.0
54.0,58.0,56.6,1.0,0.67,0.68,0.67,0.46,0.49,0.47,-0.59,-0.56,-0.58,1.0,3.0,6.0
53.0,54.0,53.6,1.0,0.5,0.51,0.51,-0.26,-0.25,-0.25,-0.83,-0.82,-0.82,1.0,3.0,6.0
51.0,58.0,56.17,1.0,0.67,0.68,0.67,0.43,0.44,0.43,-0.61,-0.6,-0.6,1.0,3.0,6.0
54.0,56.0,55.14,1.0,0.68,0.69,0.68,0.47,0.48,0.47,-0.57,-0.56,-0.56,1.0,3.0,6.0
52.0,54.0,52.83,1.0,0.5,0.56,0.54,-0.25,-0.06,-0.09,-0.87,-0.82,-0.84,1.0,3.0,6.0
53.0,54.0,53.17,1.0,0.5,0.51,0.51,-0.26,-0.25,-0.25,-0.83,-0.82,-0.82,1.0,3.0,6.0
52.0,53.0,52.8,1.0,0.67,0.68,0.67,0.44,0.45,0.45,-0.6,-0.59,-0.59,1.0,3.0,6.0
52.0,60.0,55.14,1.0,0.67,0.68,0.67,0.43,0.44,0.43,-0.6,-0.6,-0.6,1.0,3.0,6.0
55.0,58.0,56.43,1.0,0.41,0.42,0.41,0.21,0.23,0.22,-0.89,-0.87,-0.88,0.0,5.0,6.0
52.0,55.0,52.83,1.0,-0.67,-0.65,-0.66,0.14,0.15,0.14,-0.75,-0.73,-0.74,0.0,5.0,6.0
50.0,52.0,50.5,1.0,0.4,0.41,0.4,0.19,0.21,0.2,-0.9,-0.89,-0.89,0.0,5.0,6.0
68.0,82.0,76.0,1.0,0.4,0.41,0.4,0.2,0.22,0.21,-0.9,-0.89,-0.89,0.0,5.0,6.0
58.0,60.0,59.0,1.01,-0.79,-0.17,-0.56,-1.04,0.25,-0.56,-1.28,-0.06,-0.55,0.0,0.0,4.0
62.0,69.0,64.57,1.02,-0.92,0.11,-0.4,-1.71,0.06,-0.3,-1.9,0.71,-0.63,0.0,0.0,4.0
61.0,68.0,64.17,1.0,-0.14,-0.13,-0.13,-0.37,-0.36,-0.37,-0.93,-0.91,-0.92,1.0,1.0,4.0
63.0,67.0,65.0,1.0,-0.29,-0.27,-0.28,-0.86,-0.84,-0.85,0.43,0.45,0.44,1.0,1.0,4.0
74.0,77.0,75.5,1.0,0.17,0.18,0.18,0.29,0.31,0.3,-0.94,-0.93,-0.94,1.0,1.0,4.0
61.0,63.0,62.0,1.0,-0.27,-0.25,-0.26,-0.22,-0.19,-0.21,-0.95,-0.93,-0.94,1.0,1.0,4.0
66.0,72.0,69.2,1.0,-0.28,-0.26,-0.27,-0.85,-0.83,-0.84,0.46,0.48,0.47,1.0,1.0,4.0
62.0,65.0,64.17,1.0,-0.18,-0.15,-0.17,0.2,0.23,0.22,-0.97,-0.95,-0.96,1.0,1.0,4.0
63.0,64.0,63.17,1.0,-0.24,-0.12,-0.19,0.09,0.18,0.12,-0.99,-0.96,-0.98,1.0,1.0,4.0
64.0,66.0,65.67,1.0,0.36,0.37,0.36,-0.95,-0.9,-0.93,0.02,0.06,0.04,1.0,1.0,4.0
75.0,79.0,77.2,1.0,0.15,0.17,0.16,0.24,0.27,0.26,-0.96,-0.94,-0.95,1.0,1.0,4.0
62.0,68.0,64.83,1.0,-0.19,-0.18,-0.19,-0.71,-0.69,-0.7,0.68,0.69,0.68,1.0,2.0,4.0
73.0,75.0,74.4,1.0,-0.18,-0.17,-0.17,0.11,0.14,0.12,-0.99,-0.96,-0.98,1.0,2.0,4.0
62.0,64.0,63.0,1.0,-0.14,-0.11,-0.12,-0.25,-0.21,-0.23,-0.97,-0.95,-0.96,1.0,2.0,4.0
64.0,65.0,64.2,1.0,0.58,0.59,0.59,-0.81,-0.8,-0.8,0.08,0.1,0.09,1.0,2.0,4.0
73.0,75.0,74.0,1.0,-0.21,-0.2,-0.2,0.11,0.12,0.11,-0.98,-0.96,-0.97,1.0,2.0,4.0
70.0,75.0,73.8,1.0,-0.18,-0.17,-0.18,0.1,0.13,0.12,-0.99,-0.96,-0.98,1.0,2.0,4.0
70.0,73.0,71.17,1.0,-0.21,-0.2,-0.2,0.1,0.12,0.11,-0.98,-0.97,-0.97,1.0,2.0,4.0
62.0,75.0,69.0,1.0,-0.13,-0.1,-0.12,-0.23,-0.21,-0.22,-0.98,-0.95,-0.97,1.0,2.0,4.0
61.0,63.0,62.5,1.0,-0.13,-0.11,-0.12,-0.24,-0.22,-0.23,-0.97,-0.95,-0.96,1.0,2.0,4.0
72.0,86.0,79.5,1.0,-0.21,-0.19,-0.2,0.06,0.09,0.08,-0.98,-0.96,-0.98,1.0,2.0,4.0
68.0,69.0,68.17,1.0,0.64,0.66,0.65,-0.76,-0.75,-0.76,-0.06,-0.03,-0.04,1.0,2.0,4.0
74.0,74.0,74.0,1.0,-0.27,-0.26,-0.27,-0.84,-0.82,-0.83,0.47,0.49,0.48,1.0,2.0,4.0
61.0,63.0,62.17,1.0,-0.22,-0.2,-0.21,-0.01,0.03,0.01,-0.99,-0.96,-0.98,1.0,3.0,4.0
62.0,66.0,64.67,1.0,0.39,0.4,0.39,-0.92,-0.91,-0.91,-0.08,-0.06,-0.07,1.0,3.0,4.0
65.0,67.0,66.0,1.0,-0.21,-0.2,-0.2,-0.05,-0.01,-0.03,-0.98,-0.96,-0.98,1.0,3.0,4.0
60.0,63.0,61.67,1.0,0.33,0.42,0.39,-0.95,-0.88,-0.92,-0.21,0.02,-0.05,1.0,3.0,4.0
63.0,65.0,64.4,1.0,0.36,0.37,0.37,-0.93,-0.92,-0.93,0.01,0.02,0.02,1.0,3.0,4.0
63.0,64.0,63.67,1.0,-0.21,-0.19,-0.2,-0.05,-0.02,-0.03,-0.98,-0.97,-0.98,1.0,3.0,4.0
73.0,74.0,73.67,1.0,-0.07,-0.06,-0.06,0.18,0.2,0.19,-0.98,-0.97,-0.98,0.0,5.0,4.0
60.0,64.0,62.0,1.0,-0.27,-0.25,-0.26,-0.21,-0.2,-0.21,-0.95,-0.93,-0.94,0.0,5.0,4.0
64.0,66.0,65.17,1.0,-0.17,-0.15,-0.16,0.19,0.2,0.19,-0.97,-0.96,-0.97,0.0,5.0,4.0
76.0,77.0,76.8,1.0,0.17,0.18,0.17,0.28,0.3,0.3,-0.94,-0.93,-0.94,0.0,5.0,4.0
74.0,77.0,75.14,1.0,-0.17,-0.15,-0.16,-0.83,-0.8,-0.82,0.53,0.55,0.54,0.0,5.0,4.0
65.0,69.0,68.0,1.0,-0.28,-0.26,-0.27,-0.85,-0.83,-0.84,0.46,0.47,0.47,0.0,5.0,4.0
65.0,67.0,65.5,1.0,-0.17,-0.16,-0.16,0.18,0.2,0.19,-0.97,-0.96,-0.97,0.0,5.0,4.0
70.0,80.0,76.14,1.0,0.15,0.17,0.16,0.25,0.27,0.26,-0.96,-0.94,-0.95,0.0,5.0,4.0
64.0,69.0,65.33,1.0,-0.28,-0.27,-0.28,-0.86,-0.84,-0.85,0.43,0.45,0.44,0.0,5.0,4.0
68.0,70.0,69.4,1.0,0.07,0.08,0.08,-0.44,-0.43,-0.43,-0.9,-0.9,-0.9,0.0,0.0,30.0
69.0,72.0,70.2,1.0,-0.35,-0.34,-0.35,0.17,0.18,0.18,-0.93,-0.92,-0.92,1.0,1.0,30.0
67.0,68.0,67.33,1.0,-0.29,-0.28,-0.28,-0.23,-0.22,-0.22,-0.94,-0.93,-0.93,1.0,1.0,30.0
66.0,68.0,66.83,1.0,-0.1,-0.1,-0.1,0.42,0.43,0.42,-0.91,-0.9,-0.9,1.0,1.0,30.0
65.0,67.0,66.0,1.0,0.74,0.75,0.74,0.52,0.53,0.52,-0.43,-0.42,-0.43,1.0,1.0,30.0
66.0,68.0,67.0,1.0,-0.68,-0.67,-0.68,-0.73,-0.72,-0.72,-0.11,-0.1,-0.1,1.0,1.0,30.0
69.0,70.0,69.67,1.0,0.78,0.79,0.78,-0.04,-0.04,-0.04,-0.62,-0.61,-0.62,1.0,1.0,30.0
68.0,85.0,76.0,1.0,-0.36,-0.35,-0.35,0.17,0.18,0.18,-0.93,-0.91,-0.92,1.0,2.0,30.0
71.0,81.0,74.0,1.0,-0.1,-0.09,-0.1,0.4,0.41,0.4,-0.92,-0.91,-0.91,1.0,2.0,30.0
71.0,77.0,73.0,1.0,0.78,0.79,0.79,-0.04,-0.04,-0.04,-0.62,-0.61,-0.62,1.0,2.0,30.0
69.0,71.0,70.0,1.0,0.07,0.08,0.08,-0.44,-0.43,-0.44,-0.9,-0.89,-0.9,1.0,2.0,30.0
66.0,68.0,67.0,1.0,-0.36,-0.35,-0.35,0.17,0.19,0.18,-0.93,-0.92,-0.92,1.0,2.0,30.0
70.0,79.0,73.5,1.0,0.78,0.79,0.79,-0.04,-0.04,-0.04,-0.62,-0.61,-0.62,1.0,2.0,30.0
65.0,70.0,67.4,1.0,0.78,0.85,0.81,0.08,0.33,0.17,-0.6,-0.5,-0.55,1.0,2.0,30.0
66.0,68.0,67.33,1.0,-0.1,-0.09,-0.1,0.4,0.41,0.4,-0.92,-0.91,-0.91,1.0,2.0,30.0
72.0,73.0,72.2,1.0,-0.1,-0.1,-0.1,0.4,0.4,0.4,-0.92,-0.91,-0.92,1.0,3.0,30.0
75.0,84.0,78.71,1.0,-0.3,-0.3,-0.3,0.11,0.12,0.11,-0.95,-0.95,-0.95,1.0,3.0,30.0
78.0,79.0,78.6,1.0,-0.1,-0.09,-0.1,0.4,0.4,0.4,-0.92,-0.91,-0.92,1.0,3.0,30.0
67.0,68.0,67.5,1.0,-0.18,-0.17,-0.17,0.31,0.32,0.31,-0.94,-0.93,-0.94,0.0,5.0,30.0
75.0,78.0,77.17,1.0,0.45,0.46,0.45,-0.81,-0.8,-0.81,-0.37,-0.36,-0.37,0.0,5.0,30.0
68.0,82.0,73.83,1.0,-0.1,-0.1,-0.1,0.54,0.55,0.55,-0.84,-0.84,-0.84,0.0,5.0,30.0
67.0,68.0,67.83,1.0,-0.68,-0.68,-0.68,-0.73,-0.72,-0.72,-0.11,-0.1,-0.1,0.0,5.0,30.0
68.0,68.0,68.0,1.0,0.78,0.79,0.78,-0.05,-0.04,-0.04,-0.63,-0.62,-0.62,0.0,5.0,30.0
68.0,75.0,71.83,1.0,-0.12,-0.09,-0.1,0.52,0.64,0.59,-0.85,-0.77,-0.8,0.0,5.0,30.0
75.0,76.0,75.17,1.0,0.45,0.45,0.45,-0.81,-0.8,-0.81,-0.38,-0.36,-0.37,0.0,5.0,30.0
68.0,68.0,68.0,1.0,0.78,0.79,0.78,-0.04,-0.04,-0.04,-0.63,-0.61,-0.62,0.0,5.0,30.0
72.0,79.0,75.5,1.0,0.44,0.45,0.45,-0.82,-0.8,-0.81,-0.38,-0.35,-0.37,0.0,5.0,30.0
66.0,68.0,67.6,1.0,-0.68,-0.67,-0.68,-0.73,-0.72,-0.72,-0.11,-0.1,-0.1,0.0,5.0,30.0
69.0,72.0,70.6,1.0,0.44,0.45,0.45,-0.81,-0.8,-0.81,-0.38,-0.37,-0.37,0.0,5.0,30.0
67.0,68.0,67.4,1.0,-0.68,-0.67,-0.68,-0.73,-0.72,-0.72,-0.11,-0.1,-0.1,0.0,5.0,30.0
53.0,54.0,53.83,1.0,0.05,0.06,0.06,0.65,0.66,0.66,-0.75,-0.74,-0.75,0.0,0.0,23.0
52.0,56.0,53.43,1.0,-0.25,0.18,0.06,-0.51,0.97,0.63,-1.22,-0.46,-0.75,0.0,0.0,23.0
51.0,52.0,51.83,1.0,0.05,0.06,0.06,0.65,0.67,0.66,-0.75,-0.74,-0.75,0.0,0.0,23.0
48.0,49.0,48.5,1.0,0.08,0.1,0.09,0.95,0.97,0.96,0.23,0.28,0.27,0.0,0.0,23.0
59.0,62.0,60.57,0.99,-0.34,-0.3,-0.32,0.19,0.32,0.27,-0.92,-0.9,-0.9,0.0,0.0,23.0
51.0,53.0,52.33,0.99,-0.43,-0.41,-0.42,0.44,0.47,0.46,-0.78,-0.77,-0.78,1.0,1.0,23.0
53.0,53.0,53.0,0.99,-0.32,-0.3,-0.31,0.31,0.35,0.33,-0.89,-0.88,-0.89,1.0,1.0,23.0
51.0,52.0,51.83,0.99,-0.32,-0.3,-0.31,0.3,0.34,0.32,-0.9,-0.88,-0.89,1.0,2.0,23.0
55.0,61.0,57.8,1.0,-0.31,-0.28,-0.3,-0.13,-0.08,-0.12,0.92,0.95,0.94,0.0,0.0,28.0
68.0,86.0,76.0,0.99,-0.55,-0.55,-0.55,-0.72,-0.71,-0.72,0.41,0.42,0.42,0.0,0.0,28.0
66.0,71.0,68.17,0.99,-0.55,-0.55,-0.55,-0.72,-0.71,-0.72,0.41,0.42,0.42,0.0,0.0,28.0
73.0,82.0,78.4,0.99,-0.55,-0.55,-0.55,-0.72,-0.71,-0.72,0.41,0.42,0.42,0.0,0.0,28.0
61.0,62.0,61.83,1.0,0.16,0.18,0.17,-0.26,-0.24,-0.25,-0.96,-0.95,-0.95,1.0,1.0,28.0
64.0,65.0,64.43,1.0,0.16,0.18,0.17,-0.26,-0.23,-0.25,-0.96,-0.95,-0.95,1.0,1.0,28.0
62.0,63.0,62.8,1.0,0.16,0.17,0.17,-0.25,-0.24,-0.25,-0.96,-0.95,-0.95,1.0,1.0,28.0
66.0,77.0,70.83,1.0,-0.34,-0.33,-0.34,-0.34,-0.33,-0.33,-0.89,-0.88,-0.88,1.0,1.0,28.0
62.0,64.0,62.8,1.0,0.16,0.17,0.17,-0.25,-0.24,-0.25,-0.96,-0.95,-0.95,1.0,1.0,28.0
69.0,78.0,71.33,0.99,-0.55,-0.55,-0.55,-0.72,-0.71,-0.72,0.41,0.42,0.42,1.0,1.0,28.0
67.0,68.0,67.8,1.0,-0.26,-0.24,-0.24,-0.58,-0.37,-0.43,0.83,0.95,0.87,1.0,1.0,28.0
65.0,66.0,65.33,1.0,0.02,0.03,0.03,0.24,0.25,0.24,-0.98,-0.97,-0.97,1.0,1.0,28.0
58.0,59.0,58.83,1.0,-0.44,-0.43,-0.44,0.41,0.42,0.41,-0.81,-0.8,-0.8,1.0,1.0,28.0
59.0,66.0,62.83,0.99,-0.55,-0.55,-0.55,-0.72,-0.71,-0.71,0.42,0.42,0.42,1.0,1.0,28.0
63.0,64.0,63.2,1.0,-0.42,-0.41,-0.41,-0.4,-0.38,-0.4,-0.83,-0.81,-0.82,1.0,1.0,28.0
57.0,66.0,62.8,1.0,0.18,0.18,0.18,-0.55,-0.53,-0.54,-0.83,-0.82,-0.82,1.0,2.0,28.0
58.0,59.0,58.33,1.0,-0.32,-0.31,-0.31,-0.31,-0.27,-0.28,0.9,0.95,0.9,1.0,2.0,28.0
59.0,64.0,60.2,1.01,-0.54,-0.52,-0.53,0.59,0.61,0.61,-0.62,-0.59,-0.6,1.0,2.0,28.0
60.0,60.0,60.0,1.0,-0.15,-0.15,-0.15,-0.28,-0.27,-0.27,0.94,0.95,0.95,1.0,2.0,28.0
63.0,70.0,65.33,1.0,0.16,0.17,0.17,-0.26,-0.25,-0.25,-0.96,-0.95,-0.95,1.0,2.0,28.0
59.0,63.0,60.5,1.0,-0.34,-0.33,-0.34,-0.33,-0.33,-0.33,-0.88,-0.88,-0.88,1.0,2.0,28.0
57.0,58.0,57.83,0.99,-0.17,-0.16,-0.17,-0.46,-0.46,-0.46,0.86,0.87,0.87,1.0,2.0,28.0
58.0,58.0,58.0,1.0,-0.2,-0.19,-0.19,-0.22,-0.22,-0.22,0.95,0.95,0.95,1.0,3.0,28.0
60.0,68.0,64.0,0.99,-0.26,-0.26,-0.26,-0.39,-0.39,-0.39,0.87,0.88,0.88,1.0,3.0,28.0
59.0,60.0,59.4,1.0,-0.2,-0.19,-0.2,-0.23,-0.22,-0.23,0.95,0.95,0.95,1.0,3.0,28.0
58.0,59.0,58.83,1.0,-0.19,-0.19,-0.19,-0.24,-0.23,-0.23,0.94,0.95,0.95,1.0,3.0,28.0
57.0,60.0,58.33,1.0,-0.14,-0.14,-0.14,-0.28,-0.27,-0.28,0.94,0.95,0.95,1.0,3.0,28.0
61.0,63.0,61.5,1.0,-0.37,-0.36,-0.36,-0.46,-0.44,-0.45,-0.82,-0.81,-0.82,0.0,5.0,28.0
57.0,59.0,58.17,1.0,-0.27,-0.27,-0.27,-0.07,-0.06,-0.06,0.95,0.96,0.96,0.0,5.0,28.0
57.0,58.0,57.83,1.01,-1.07,-0.05,-0.34,-0.76,1.07,0.14,-1.06,1.08,-0.08,0.0,5.0,28.0
65.0,70.0,66.67,1.0,-0.37,-0.36,-0.37,-0.46,-0.44,-0.45,-0.82,-0.81,-0.81,0.0,5.0,28.0
58.0,67.0,62.83,0.99,0.07,0.08,0.08,0.26,0.26,0.26,-0.96,-0.95,-0.96,0.0,0.0,16.0
62.0,64.0,63.0,1.0,-0.22,-0.21,-0.21,0.91,0.92,0.92,0.33,0.34,0.34,0.0,0.0,16.0
58.0,62.0,59.67,0.99,-0.11,-0.1,-0.11,-0.2,-0.18,-0.19,-0.97,-0.96,-0.97,0.0,0.0,16.0
59.0,62.0,60.2,0.99,0.1,0.1,0.1,0.17,0.18,0.18,-0.98,-0.97,-0.97,0.0,0.0,16.0
64.0,73.0,67.8,0.99,-0.5,-0.49,-0.5,0.21,0.22,0.22,-0.83,-0.82,-0.83,1.0,1.0,16.0
58.0,59.0,58.5,0.99,0.1,0.11,0.1,0.17,0.18,0.18,-0.98,-0.97,-0.97,1.0,1.0,16.0
56.0,58.0,56.6,1.0,-0.14,-0.13,-0.13,-0.96,-0.96,-0.96,-0.23,-0.22,-0.23,1.0,1.0,16.0
58.0,59.0,58.17,0.99,0.1,0.11,0.1,0.17,0.18,0.18,-0.98,-0.97,-0.97,1.0,1.0,16.0
59.0,80.0,70.86,0.99,-0.1,0.08,0.03,0.5,0.66,0.6,-0.87,-0.68,-0.79,1.0,2.0,16.0
57.0,61.0,59.33,0.99,-0.93,0.16,-0.02,-1.03,1.09,0.38,-1.05,0.13,-0.8,1.0,2.0,16.0
57.0,59.0,58.5,0.99,-0.13,-0.12,-0.12,-0.18,-0.16,-0.17,-0.97,-0.96,-0.97,1.0,2.0,16.0
63.0,64.0,63.4,1.0,-0.79,-0.14,-0.28,-0.95,1.2,0.14,-1.01,0.67,0.04,1.0,2.0,16.0
53.0,59.0,57.2,0.99,0.02,0.03,0.02,0.6,0.61,0.61,-0.79,-0.78,-0.78,1.0,2.0,16.0
59.0,60.0,59.67,0.99,-0.11,-0.1,-0.11,-0.2,-0.18,-0.19,-0.97,-0.96,-0.97,1.0,2.0,16.0
65.0,67.0,65.4,0.99,0.07,0.08,0.07,0.42,0.43,0.43,-0.9,-0.89,-0.89,1.0,3.0,16.0
59.0,61.0,59.5,0.99,0.07,0.08,0.07,0.43,0.44,0.43,-0.89,-0.88,-0.89,1.0,3.0,16.0
59.0,59.0,59.0,0.99,0.07,0.08,0.07,0.43,0.43,0.43,-0.89,-0.88,-0.89,1.0,3.0,16.0
57.0,60.0,58.33,0.99,0.09,0.1,0.09,0.4,0.41,0.4,-0.91,-0.9,-0.9,1.0,3.0,16.0
63.0,68.0,66.0,0.99,-0.5,-0.49,-0.5,0.21,0.22,0.22,-0.83,-0.82,-0.83,1.0,3.0,16.0
62.0,63.0,62.2,0.99,-0.41,-0.4,-0.41,-0.36,-0.34,-0.35,-0.84,-0.83,-0.83,1.0,3.0,16.0
58.0,61.0,59.17,1.0,-0.14,-0.13,-0.13,-0.96,-0.96,-0.96,-0.24,-0.22,-0.23,0.0,5.0,16.0
57.0,61.0,58.5,1.0,-0.14,-0.13,-0.13,-0.96,-0.96,-0.96,-0.23,-0.22,-0.23,0.0,5.0,16.0
59.0,62.0,60.2,1.0,-0.14,-0.13,-0.13,-0.96,-0.96,-0.96,-0.23,-0.22,-0.23,0.0,5.0,16.0
61.0,65.0,62.5,0.99,-0.5,-0.49,-0.5,0.22,0.23,0.22,-0.83,-0.82,-0.83,0.0,5.0,16.0
73.0,75.0,74.17,1.0,0.55,0.57,0.56,-0.67,-0.66,-0.67,-0.49,-0.47,-0.48,1.0,1.0,13.0
71.0,73.0,72.6,1.0,0.49,0.51,0.5,-0.14,-0.11,-0.13,-0.86,-0.84,-0.85,1.0,1.0,13.0
72.0,75.0,73.33,1.0,-0.13,0.65,0.46,-0.96,-0.12,-0.45,-1.24,0.13,-0.67,1.0,1.0,13.0
68.0,68.0,68.0,1.0,-0.35,-0.34,-0.35,-0.17,-0.16,-0.16,0.92,0.93,0.93,1.0,2.0,13.0
67.0,67.0,67.0,1.0,-0.4,-0.39,-0.39,-0.17,-0.17,-0.17,0.9,0.91,0.9,1.0,3.0,13.0
75.0,75.0,75.0,1.0,-0.37,-0.36,-0.36,-0.17,-0.16,-0.16,0.91,0.92,0.92,1.0,3.0,13.0
68.0,72.0,69.83,1.0,0.28,0.29,0.29,-0.21,-0.19,-0.2,-0.94,-0.93,-0.93,1.0,3.0,13.0
71.0,73.0,72.17,1.0,0.14,0.46,0.28,-0.21,-0.18,-0.2,-0.98,-0.9,-0.93,1.0,3.0,13.0
70.0,70.0,70.0,0.99,-0.53,-0.52,-0.53,-0.13,-0.1,-0.11,-0.83,-0.82,-0.83,1.0,3.0,13.0
68.0,68.0,68.0,1.0,0.29,0.3,0.29,-0.21,-0.2,-0.21,-0.93,-0.92,-0.93,1.0,3.0,13.0
52.0,54.0,53.0,1.0,-0.45,-0.44,-0.45,-0.72,-0.71,-0.72,0.52,0.53,0.53,0.0,0.0,25.0
53.0,62.0,56.33,0.99,-0.61,-0.5,-0.57,-0.76,-0.34,-0.56,-0.79,-0.28,-0.55,0.0,0.0,25.0
55.0,68.0,61.8,0.99,-0.34,-0.3,-0.32,0.36,0.55,0.47,-0.86,-0.77,-0.81,0.0,0.0,25.0
50.0,54.0,50.83,1.0,-0.13,-0.12,-0.13,-0.98,-0.97,-0.98,0.16,0.17,0.16,0.0,0.0,25.0
59.0,60.0,59.6,1.0,-0.65,-0.65,-0.65,-0.56,-0.55,-0.56,0.51,0.51,0.51,0.0,0.0,25.0
53.0,54.0,53.67,0.99,-0.49,-0.48,-0.48,-0.28,-0.25,-0.26,-0.83,-0.82,-0.83,0.0,0.0,25.0
48.0,52.0,50.17,0.99,-0.34,-0.33,-0.34,0.28,0.29,0.29,-0.89,-0.88,-0.89,0.0,0.0,25.0
52.0,54.0,53.0,0.99,-0.35,-0.34,-0.34,0.26,0.28,0.27,-0.9,-0.89,-0.89,0.0,0.0,25.0
49.0,50.0,49.67,1.0,-0.13,-0.13,-0.13,-0.97,-0.97,-0.97,0.18,0.19,0.18,1.0,1.0,25.0
59.0,59.0,59.0,1.0,-0.22,-0.21,-0.22,-0.93,-0.92,-0.93,0.29,0.3,0.3,1.0,1.0,25.0
53.0,53.0,53.0,0.99,-0.84,-0.38,-0.43,-0.31,0.42,0.19,-0.84,-0.41,-0.81,1.0,1.0,25.0
51.0,53.0,52.14,1.0,-0.78,-0.36,-0.51,-0.76,0.11,-0.58,0.47,0.87,0.61,1.0,1.0,25.0
48.0,50.0,49.0,1.0,-0.62,-0.61,-0.62,-0.19,-0.18,-0.19,0.76,0.77,0.76,1.0,1.0,25.0
53.0,54.0,53.17,0.99,-0.35,-0.33,-0.34,0.28,0.29,0.28,-0.89,-0.88,-0.89,1.0,1.0,25.0
47.0,48.0,47.75,1.0,-0.75,-0.58,-0.64,-0.63,-0.18,-0.42,0.18,0.83,0.6,1.0,1.0,25.0
61.0,63.0,62.0,0.99,-0.33,-0.32,-0.33,0.29,0.31,0.3,-0.89,-0.88,-0.89,1.0,1.0,25.0
62.0,64.0,63.17,0.99,-0.18,-0.17,-0.17,0.23,0.24,0.23,-0.95,-0.95,-0.95,1.0,1.0,25.0
51.0,51.0,51.0,1.0,-0.1,-0.09,-0.09,0.16,0.17,0.16,-0.98,-0.97,-0.98,1.0,1.0,25.0
50.0,61.0,51.83,1.0,-0.38,-0.37,-0.37,-0.53,-0.52,-0.53,0.76,0.77,0.76,1.0,2.0,25.0
65.0,69.0,67.67,0.99,-0.33,-0.32,-0.33,0.29,0.3,0.3,-0.89,-0.88,-0.89,1.0,2.0,25.0
50.0,50.0,50.0,1.0,-0.49,-0.49,-0.49,-0.71,-0.7,-0.71,0.5,0.51,0.5,1.0,2.0,25.0
53.0,54.0,53.83,0.99,-0.4,-0.38,-0.39,0.39,0.42,0.4,-0.83,-0.81,-0.82,1.0,2.0,25.0
50.0,63.0,53.2,0.99,-0.34,-0.33,-0.33,0.28,0.29,0.28,-0.9,-0.89,-0.89,1.0,2.0,25.0
60.0,61.0,60.6,1.0,-0.54,-0.54,-0.54,-0.68,-0.67,-0.68,0.49,0.5,0.49,1.0,2.0,25.0
50.0,51.0,50.83,1.0,-0.49,-0.49,-0.49,-0.7,-0.7,-0.7,0.51,0.51,0.51,1.0,2.0,25.0
50.0,54.0,52.6,0.99,-0.34,-0.33,-0.34,0.28,0.29,0.29,-0.89,-0.88,-0.89,1.0,3.0,25.0
49.0,58.0,53.83,1.0,-0.49,-0.49,-0.49,-0.71,-0.71,-0.71,0.5,0.5,0.5,1.0,3.0,25.0
56.0,63.0,58.2,1.0,-0.49,-0.48,-0.49,-0.71,-0.71,-0.71,0.49,0.5,0.5,1.0,3.0,25.0
50.0,50.0,50.0,1.0,-0.49,-0.49,-0.49,-0.71,-0.71,-0.71,0.49,0.5,0.5,1.0,3.0,25.0
56.0,59.0,57.83,0.99,-0.44,-0.43,-0.43,-0.41,-0.39,-0.4,-0.81,-0.79,-0.8,0.0,5.0,25.0
54.0,57.0,55.17,0.99,-0.44,-0.43,-0.43,-0.4,-0.39,-0.39,-0.81,-0.78,-0.8,0.0,5.0,25.0
58.0,60.0,59.2,1.0,-0.13,-0.12,-0.13,-0.98,-0.97,-0.97,0.15,0.19,0.17,0.0,5.0,25.0
51.0,52.0,51.17,1.0,-0.45,-0.45,-0.45,-0.71,-0.7,-0.71,0.53,0.54,0.54,0.0,5.0,25.0
50.0,51.0,50.4,1.0,-0.48,-0.46,-0.47,-0.75,-0.7,-0.72,0.46,0.54,0.49,0.0,5.0,25.0
52.0,54.0,52.33,1.0,-0.49,-0.48,-0.49,-0.71,-0.69,-0.7,0.49,0.52,0.52,0.0,5.0,25.0
60.0,61.0,60.83,1.0,-0.56,-0.54,-0.55,-0.7,-0.68,-0.69,0.45,0.48,0.47,0.0,5.0,25.0
61.0,64.0,62.5,0.99,-0.43,-0.41,-0.42,-0.38,-0.36,-0.37,-0.82,-0.81,-0.82,0.0,5.0,25.0
51.0,58.0,52.6,0.99,-0.57,-0.56,-0.57,-0.72,-0.71,-0.71,0.39,0.4,0.4,0.0,5.0,25.0
50.0,52.0,50.33,1.0,-0.09,-0.09,-0.09,0.15,0.17,0.16,-0.98,-0.97,-0.98,0.0,5.0,25.0
60.0,65.0,62.33,1.0,-0.43,-0.42,-0.43,-0.02,-0.01,-0.01,-0.91,-0.9,-0.9,0.0,0.0,14.0
54.0,54.0,54.0,1.0,-0.79,0.14,-0.21,-0.69,0.75,0.56,-0.94,-0.34,-0.67,0.0,0.0,14.0
57.0,68.0,62.5,1.02,-0.95,-0.32,-0.47,-0.3,0.32,0.03,-1.45,-0.44,-0.87,0.0,0.0,14.0
54.0,57.0,55.33,1.0,0.03,0.17,0.1,0.01,0.24,0.15,-1.07,-0.93,-0.98,0.0,0.0,14.0
51.0,52.0,51.17,1.0,-0.43,-0.41,-0.41,-0.2,-0.19,-0.19,-0.89,-0.88,-0.89,1.0,1.0,14.0
56.0,57.0,56.8,1.0,-0.34,-0.33,-0.34,-0.14,-0.13,-0.13,-0.94,-0.92,-0.93,1.0,1.0,14.0
55.0,61.0,58.0,1.0,-0.38,-0.37,-0.37,-0.33,-0.31,-0.32,-0.88,-0.87,-0.87,1.0,1.0,14.0
53.0,59.0,56.0,1.0,-0.07,-0.07,-0.07,0.16,0.18,0.17,-0.98,-0.98,-0.98,1.0,1.0,14.0
56.0,61.0,58.67,1.0,-0.1,-0.09,-0.1,0.03,0.05,0.04,-1.0,-0.98,-0.99,1.0,1.0,14.0
56.0,59.0,57.83,1.0,-0.18,-0.17,-0.18,-0.59,-0.58,-0.58,-0.8,-0.79,-0.79,1.0,1.0,14.0
56.0,59.0,57.33,1.0,-0.19,-0.18,-0.18,-0.6,-0.57,-0.58,-0.8,-0.78,-0.79,1.0,1.0,14.0
54.0,59.0,56.6,1.0,-0.48,-0.47,-0.47,-0.57,-0.55,-0.56,-0.68,-0.67,-0.67,1.0,2.0,14.0
56.0,59.0,57.67,1.0,-0.05,-0.04,-0.05,-1.0,-0.99,-1.0,-0.07,-0.06,-0.06,1.0,2.0,14.0
54.0,57.0,55.8,1.0,-0.29,-0.27,-0.28,-0.49,-0.48,-0.48,-0.83,-0.82,-0.83,1.0,3.0,14.0
54.0,56.0,55.0,1.0,-0.33,-0.32,-0.33,-0.15,-0.12,-0.13,-0.94,-0.93,-0.93,1.0,3.0,14.0
53.0,55.0,54.17,1.0,-0.33,-0.32,-0.33,-0.14,-0.12,-0.13,-0.94,-0.92,-0.93,1.0,3.0,14.0
55.0,55.0,55.0,1.0,-0.33,-0.33,-0.33,-0.15,-0.12,-0.13,-0.94,-0.93,-0.93,1.0,3.0,14.0
52.0,52.0,52.0,1.0,-0.47,-0.46,-0.47,-0.56,-0.54,-0.55,-0.7,-0.69,-0.69,1.0,3.0,14.0
56.0,58.0,56.83,1.0,-0.27,-0.26,-0.27,-0.36,-0.35,-0.36,-0.9,-0.89,-0.89,1.0,3.0,14.0
54.0,58.0,55.83,1.0,-0.31,-0.28,-0.29,-0.37,-0.32,-0.34,-0.91,-0.89,-0.89,1.0,3.0,14.0
54.0,54.0,54.0,1.0,-0.47,-0.47,-0.47,-0.58,-0.57,-0.58,-0.67,-0.66,-0.66,1.0,3.0,14.0
54.0,55.0,54.67,1.0,-0.29,-0.28,-0.28,-0.17,-0.15,-0.15,-0.95,-0.94,-0.94,1.0,3.0,14.0
54.0,55.0,54.83,1.0,-0.48,-0.46,-0.47,-0.59,-0.51,-0.58,-0.7,-0.65,-0.67,1.0,3.0,14.0
54.0,56.0,55.2,1.0,-0.33,-0.31,-0.32,-0.15,-0.13,-0.14,-0.94,-0.93,-0.93,1.0,3.0,14.0
56.0,57.0,56.43,1.0,-0.34,-0.33,-0.33,-0.15,-0.14,-0.15,-0.93,-0.93,-0.93,1.0,3.0,14.0
55.0,56.0,55.17,1.0,-0.47,-0.47,-0.47,-0.58,-0.57,-0.58,-0.67,-0.66,-0.66,1.0,3.0,14.0
50.0,51.0,50.67,1.0,-0.19,-0.18,-0.18,0.43,0.44,0.44,-0.88,-0.87,-0.88,1.0,3.0,14.0
53.0,55.0,54.5,1.0,-0.47,-0.46,-0.47,-0.58,-0.57,-0.58,-0.67,-0.66,-0.66,1.0,3.0,14.0
52.0,53.0,52.17,1.0,-0.19,-0.18,-0.19,0.45,0.45,0.45,-0.88,-0.87,-0.87,1.0,3.0,14.0
55.0,55.0,55.0,1.0,-0.47,-0.47,-0.47,-0.57,-0.56,-0.56,-0.68,-0.67,-0.67,1.0,3.0,14.0
52.0,53.0,52.17,1.0,-0.47,-0.46,-0.47,-0.55,-0.54,-0.55,-0.69,-0.69,-0.69,1.0,3.0,14.0
54.0,55.0,54.4,1.0,-0.47,-0.46,-0.47,-0.58,-0.57,-0.57,-0.67,-0.66,-0.67,1.0,3.0,14.0
54.0,55.0,54.5,1.0,-0.47,-0.47,-0.47,-0.57,-0.56,-0.56,-0.68,-0.67,-0.67,1.0,3.0,14.0
55.0,58.0,56.0,1.0,-0.48,-0.47,-0.47,-0.57,-0.55,-0.56,-0.68,-0.66,-0.67,1.0,3.0,14.0
51.0,52.0,51.33,1.01,-0.23,-0.02,-0.17,-0.14,0.69,0.22,-1.0,-0.93,-0.95,1.0,3.0,14.0
54.0,54.0,54.0,1.0,-0.07,-0.06,-0.07,0.03,0.04,0.03,-1.0,-0.99,-0.99,0.0,5.0,14.0
53.0,56.0,55.0,1.0,-0.0,0.0,0.0,-0.99,-0.99,-0.99,-0.13,-0.12,-0.13,0.0,5.0,14.0
57.0,57.0,57.0,1.0,-0.34,-0.34,-0.34,0.06,0.07,0.06,-0.94,-0.93,-0.94,0.0,5.0,14.0
56.0,56.0,56.0,1.0,-0.47,-0.46,-0.47,-0.56,-0.54,-0.55,-0.69,-0.68,-0.69,0.0,5.0,14.0
55.0,58.0,56.6,1.0,-0.23,-0.22,-0.23,-0.74,-0.72,-0.73,-0.64,-0.63,-0.64,0.0,5.0,14.0
58.0,63.0,59.6,1.0,-0.49,-0.46,-0.47,-0.58,-0.56,-0.57,-0.68,-0.66,-0.67,0.0,5.0,14.0
56.0,59.0,57.67,1.0,-0.35,-0.34,-0.35,0.01,0.03,0.02,-0.94,-0.93,-0.94,0.0,5.0,14.0
54.0,56.0,55.4,1.0,-0.36,-0.35,-0.35,-0.07,-0.04,-0.05,-0.94,-0.93,-0.93,0.0,5.0,14.0
54.0,60.0,57.0,1.0,-0.35,-0.35,-0.35,0.02,0.03,0.02,-0.94,-0.92,-0.93,0.0,5.0,14.0
54.0,56.0,54.8,1.0,-0.02,-0.01,-0.01,-1.0,-1.0,-1.0,-0.02,0.01,-0.0,0.0,5.0,14.0
55.0,56.0,55.83,1.0,-0.26,0.27,0.08,-1.0,-0.04,-0.73,-1.02,-0.08,-0.45,0.0,5.0,14.0
